train_number,station,origin,date,scheduled_time,actual_time
87,MALTON,TORONTO UNION STATION,2022-08-26,1080,1102
87,BRAMPTON,TORONTO UNION STATION,2022-08-26,1092,1113
87,GEORGETOWN,TORONTO UNION STATION,2022-08-26,1104,1132
87,GUELPH,TORONTO UNION STATION,2022-08-26,1129,1164
87,KITCHENER,TORONTO UNION STATION,2022-08-26,1156,1188
87,STRATFORD,TORONTO UNION STATION,2022-08-26,1193,1245
87,ST.MARYS,TORONTO UNION STATION,2022-08-26,1221,1275
87,LONDON,TORONTO UNION STATION,2022-08-26,1269,1325
87,STRATHROY,TORONTO UNION STATION,2022-08-26,1295,1353
87,WYOMING,TORONTO UNION STATION,2022-08-26,1323,1372
87,SARNIA,TORONTO UNION STATION,2022-08-26,1340,1387
72,CHATHAM,WINDSOR,2022-08-26,565,579
72,GLENCOE,WINDSOR,2022-08-26,604,631
72,LONDON,WINDSOR,2022-08-26,638,664
72,INGERSOLL,WINDSOR,2022-08-26,664,692
72,WOODSTOCK,WINDSOR,2022-08-26,680,701
72,BRANTFORD,WINDSOR,2022-08-26,712,735
72,ALDERSHOT,WINDSOR,2022-08-26,745,767
72,OAKVILLE,WINDSOR,2022-08-26,759,786
72,TORONTO UNION STATION,WINDSOR,2022-08-26,785,819
76,CHATHAM,WINDSOR,2022-08-26,868,871
76,GLENCOE,WINDSOR,2022-08-26,903,917
76,LONDON,WINDSOR,2022-08-26,938,950
76,BRANTFORD,WINDSOR,2022-08-26,999,1012
76,ALDERSHOT,WINDSOR,2022-08-26,1030,1043
76,OAKVILLE,WINDSOR,2022-08-26,1047,1057
76,TORONTO UNION STATION,WINDSOR,2022-08-26,1073,1088
78,CHATHAM,WINDSOR,2022-08-26,1105,1103
78,GLENCOE,WINDSOR,2022-08-26,1139,1149
78,LONDON,WINDSOR,2022-08-26,1172,1180
78,INGERSOLL,WINDSOR,2022-08-26,1197,1205
78,WOODSTOCK,WINDSOR,2022-08-26,1208,1225
78,BRANTFORD,WINDSOR,2022-08-26,1239,1253
78,ALDERSHOT,WINDSOR,2022-08-26,1269,1288
78,OAKVILLE,WINDSOR,2022-08-26,1284,1301
78,TORONTO UNION STATION,WINDSOR,2022-08-26,1310,1328
75,OAKVILLE,TORONTO UNION STATION,2022-08-26,1073,1121
75,ALDERSHOT,TORONTO UNION STATION,2022-08-26,1089,1142
75,BRANTFORD,TORONTO UNION STATION,2022-08-26,1121,1177
75,WOODSTOCK,TORONTO UNION STATION,2022-08-26,1152,1218
75,INGERSOLL,TORONTO UNION STATION,2022-08-26,1167,1234
75,LONDON,TORONTO UNION STATION,2022-08-26,1195,1258
75,GLENCOE,TORONTO UNION STATION,2022-08-26,1229,1297
75,CHATHAM,TORONTO UNION STATION,2022-08-26,1263,1341
75,WINDSOR,TORONTO UNION STATION,2022-08-26,1318,1385
70,CHATHAM,WINDSOR,2022-08-26,384,385
70,LONDON,WINDSOR,2022-08-26,450,460
70,INGERSOLL,WINDSOR,2022-08-26,480,488
70,WOODSTOCK,WINDSOR,2022-08-26,493,500
70,BRANTFORD,WINDSOR,2022-08-26,529,531
70,ALDERSHOT,WINDSOR,2022-08-26,568,564
70,OAKVILLE,WINDSOR,2022-08-26,583,583
70,TORONTO UNION STATION,WINDSOR,2022-08-26,610,613
26,ALEXANDRIA,OTTAWA,2022-08-26,906,902
26,COTEAU,OTTAWA,2022-08-26,929,921
26,DORVAL,OTTAWA,2022-08-26,953,948
26,MONTRÉAL,OTTAWA,2022-08-26,975,978
26,SAINT-LAMBERT,OTTAWA,2022-08-26,1021,1023
26,SAINT-HYACINTHE,OTTAWA,2022-08-26,1048,1055
26,DRUMMONDVILLE,OTTAWA,2022-08-26,1093,1082
26,CHARNY,OTTAWA,2022-08-26,1192,1185
26,SAINTE-FOY,OTTAWA,2022-08-26,1201,1193
26,QUÉBEC GARE DU PALAIS,OTTAWA,2022-08-26,1226,1223
24,ALEXANDRIA,OTTAWA,2022-08-26,665,659
24,COTEAU,OTTAWA,2022-08-26,692,694
24,DORVAL,OTTAWA,2022-08-26,713,723
24,MONTRÉAL,OTTAWA,2022-08-26,735,754
24,SAINT-LAMBERT,OTTAWA,2022-08-26,786,816
24,SAINT-HYACINTHE,OTTAWA,2022-08-26,814,847
24,DRUMMONDVILLE,OTTAWA,2022-08-26,841,877
24,CHARNY,OTTAWA,2022-08-26,945,959
24,SAINTE-FOY,OTTAWA,2022-08-26,952,967
24,QUÉBEC GARE DU PALAIS,OTTAWA,2022-08-26,978,1000
645,FALLOWFIELD RAIL STATION,OTTAWA,2022-08-26,894,889
645,KINGSTON,OTTAWA,2022-08-26,994,1012
645,BELLEVILLE,OTTAWA,2022-08-26,1036,1059
645,OSHAWA,OTTAWA,2022-08-26,1103,1126
645,TORONTO UNION STATION,OTTAWA,2022-08-26,1143,1173
60,GUILDWOOD,TORONTO UNION STATION,2022-08-26,424,425
60,OSHAWA,TORONTO UNION STATION,2022-08-26,442,450
60,COBOURG,TORONTO UNION STATION,2022-08-26,478,488
60,BELLEVILLE,TORONTO UNION STATION,2022-08-26,513,522
60,KINGSTON,TORONTO UNION STATION,2022-08-26,554,562
60,CORNWALL,TORONTO UNION STATION,2022-08-26,653,663
60,DORVAL,TORONTO UNION STATION,2022-08-26,701,715
60,MONTRÉAL,TORONTO UNION STATION,2022-08-26,724,753
59,FALLOWFIELD RAIL STATION,OTTAWA,2022-08-26,1086,1086
59,SMITHS FALLS,OTTAWA,2022-08-26,1128,1132
59,BROCKVILLE,OTTAWA,2022-08-26,1156,1177
59,KINGSTON,OTTAWA,2022-08-26,1199,1220
59,BELLEVILLE,OTTAWA,2022-08-26,1241,1266
59,TRENTON JUNCTION,OTTAWA,2022-08-26,1251,1280
59,COBOURG,OTTAWA,2022-08-26,1279,1307
59,OSHAWA,OTTAWA,2022-08-26,1312,1343
59,GUILDWOOD,OTTAWA,2022-08-26,1333,1375
59,TORONTO UNION STATION,OTTAWA,2022-08-26,1353,1397
39,SAINTE-FOY,QUÉBEC GARE DU PALAIS,2022-08-26,924,927
39,DRUMMONDVILLE,QUÉBEC GARE DU PALAIS,2022-08-26,1012,1023
39,SAINT-LAMBERT,QUÉBEC GARE DU PALAIS,2022-08-26,1079,1076
39,MONTRÉAL,QUÉBEC GARE DU PALAIS,2022-08-26,1091,1090
39,DORVAL,QUÉBEC GARE DU PALAIS,2022-08-26,1162,1155
39,COTEAU,QUÉBEC GARE DU PALAIS,2022-08-26,1189,1187
39,ALEXANDRIA,QUÉBEC GARE DU PALAIS,2022-08-26,1217,1212
39,OTTAWA,QUÉBEC GARE DU PALAIS,2022-08-26,1262,1258
33,SAINTE-FOY,QUÉBEC GARE DU PALAIS,2022-08-26,349,354
33,CHARNY,QUÉBEC GARE DU PALAIS,2022-08-26,358,364
33,DRUMMONDVILLE,QUÉBEC GARE DU PALAIS,2022-08-26,446,445
33,SAINT-HYACINTHE,QUÉBEC GARE DU PALAIS,2022-08-26,479,507
33,SAINT-LAMBERT,QUÉBEC GARE DU PALAIS,2022-08-26,505,540
33,MONTRÉAL,QUÉBEC GARE DU PALAIS,2022-08-26,517,563
33,DORVAL,QUÉBEC GARE DU PALAIS,2022-08-26,572,617
33,ALEXANDRIA,QUÉBEC GARE DU PALAIS,2022-08-26,620,669
33,CASSELMAN,QUÉBEC GARE DU PALAIS,2022-08-26,643,693
33,OTTAWA,QUÉBEC GARE DU PALAIS,2022-08-26,674,719
35,SAINTE-FOY,QUÉBEC GARE DU PALAIS,2022-08-26,514,519
35,CHARNY,QUÉBEC GARE DU PALAIS,2022-08-26,522,530
35,DRUMMONDVILLE,QUÉBEC GARE DU PALAIS,2022-08-26,612,625
35,SAINT-HYACINTHE,QUÉBEC GARE DU PALAIS,2022-08-26,646,661
35,SAINT-LAMBERT,QUÉBEC GARE DU PALAIS,2022-08-26,673,692
35,MONTRÉAL,QUÉBEC GARE DU PALAIS,2022-08-26,686,706
35,DORVAL,QUÉBEC GARE DU PALAIS,2022-08-26,746,773
35,COTEAU,QUÉBEC GARE DU PALAIS,2022-08-26,773,804
35,ALEXANDRIA,QUÉBEC GARE DU PALAIS,2022-08-26,796,827
35,CASSELMAN,QUÉBEC GARE DU PALAIS,2022-08-26,819,851
35,OTTAWA,QUÉBEC GARE DU PALAIS,2022-08-26,846,885
37,SAINTE-FOY,QUÉBEC GARE DU PALAIS,2022-08-26,780,787
37,DRUMMONDVILLE,QUÉBEC GARE DU PALAIS,2022-08-26,883,900
37,SAINT-HYACINTHE,QUÉBEC GARE DU PALAIS,2022-08-26,914,927
37,SAINT-LAMBERT,QUÉBEC GARE DU PALAIS,2022-08-26,942,955
37,MONTRÉAL,QUÉBEC GARE DU PALAIS,2022-08-26,954,969
37,DORVAL,QUÉBEC GARE DU PALAIS,2022-08-26,1022,1047
37,COTEAU,QUÉBEC GARE DU PALAIS,2022-08-26,1048,1081
37,ALEXANDRIA,QUÉBEC GARE DU PALAIS,2022-08-26,1070,1104
37,OTTAWA,QUÉBEC GARE DU PALAIS,2022-08-26,1115,1161
79,OAKVILLE,TORONTO UNION STATION,2022-08-26,1207,1224
79,ALDERSHOT,TORONTO UNION STATION,2022-08-26,1222,1239
79,BRANTFORD,TORONTO UNION STATION,2022-08-26,1250,1277
79,WOODSTOCK,TORONTO UNION STATION,2022-08-26,1277,1330
79,INGERSOLL,TORONTO UNION STATION,2022-08-26,1290,1343
79,LONDON,TORONTO UNION STATION,2022-08-26,1312,1366
79,GLENCOE,TORONTO UNION STATION,2022-08-26,1345,1402
79,CHATHAM,TORONTO UNION STATION,2022-08-26,1377,8
79,WINDSOR,TORONTO UNION STATION,2022-08-26,1424,56
52,GUILDWOOD,TORONTO UNION STATION,2022-08-26,530,530
52,OSHAWA,TORONTO UNION STATION,2022-08-26,548,563
52,COBOURG,TORONTO UNION STATION,2022-08-26,581,607
52,BELLEVILLE,TORONTO UNION STATION,2022-08-26,618,643
52,KINGSTON,TORONTO UNION STATION,2022-08-26,657,687
52,BROCKVILLE,TORONTO UNION STATION,2022-08-26,714,750
52,SMITHS FALLS,TORONTO UNION STATION,2022-08-26,744,785
52,FALLOWFIELD RAIL STATION,TORONTO UNION STATION,2022-08-26,784,813
52,OTTAWA,TORONTO UNION STATION,2022-08-26,805,836
40,GUILDWOOD,TORONTO UNION STATION,2022-08-26,651,650
40,BELLEVILLE,TORONTO UNION STATION,2022-08-26,727,743
40,KINGSTON,TORONTO UNION STATION,2022-08-26,766,785
40,FALLOWFIELD RAIL STATION,TORONTO UNION STATION,2022-08-26,870,900
40,OTTAWA,TORONTO UNION STATION,2022-08-26,894,921
42,GUILDWOOD,TORONTO UNION STATION,2022-08-26,756,757
42,OSHAWA,TORONTO UNION STATION,2022-08-26,773,781
42,PORT HOPE,TORONTO UNION STATION,2022-08-26,799,808
42,COBOURG,TORONTO UNION STATION,2022-08-26,807,816
42,TRENTON JUNCTION,TORONTO UNION STATION,2022-08-26,832,842
42,BELLEVILLE,TORONTO UNION STATION,2022-08-26,845,855
42,NAPANEE,TORONTO UNION STATION,2022-08-26,865,878
42,KINGSTON,TORONTO UNION STATION,2022-08-26,885,900
42,GANANOQUE,TORONTO UNION STATION,2022-08-26,908,923
42,BROCKVILLE,TORONTO UNION STATION,2022-08-26,932,958
42,SMITHS FALLS,TORONTO UNION STATION,2022-08-26,967,992
42,FALLOWFIELD RAIL STATION,TORONTO UNION STATION,2022-08-26,998,1023
42,OTTAWA,TORONTO UNION STATION,2022-08-26,1017,1043
62,GUILDWOOD,TORONTO UNION STATION,2022-08-26,531,530
62,OSHAWA,TORONTO UNION STATION,2022-08-26,548,563
62,COBOURG,TORONTO UNION STATION,2022-08-26,581,607
62,BELLEVILLE,TORONTO UNION STATION,2022-08-26,619,643
62,KINGSTON,TORONTO UNION STATION,2022-08-26,657,687
62,CORNWALL,TORONTO UNION STATION,2022-08-26,752,790
62,DORVAL,TORONTO UNION STATION,2022-08-26,801,839
62,MONTRÉAL,TORONTO UNION STATION,2022-08-26,823,865
68,GUILDWOOD,TORONTO UNION STATION,2022-08-26,1041,1046
68,OSHAWA,TORONTO UNION STATION,2022-08-26,1058,1067
68,COBOURG,TORONTO UNION STATION,2022-08-26,1090,1102
68,BELLEVILLE,TORONTO UNION STATION,2022-08-26,1127,1142
68,KINGSTON,TORONTO UNION STATION,2022-08-26,1165,1182
68,BROCKVILLE,TORONTO UNION STATION,2022-08-26,1212,1228
68,CORNWALL,TORONTO UNION STATION,2022-08-26,1262,1277
68,DORVAL,TORONTO UNION STATION,2022-08-26,1311,1325
68,MONTRÉAL,TORONTO UNION STATION,2022-08-26,1333,1351
668,GUILDWOOD,TORONTO UNION STATION,2022-08-26,1099,1104
668,OSHAWA,TORONTO UNION STATION,2022-08-26,1117,1131
668,KINGSTON,TORONTO UNION STATION,2022-08-26,1216,1237
668,CORNWALL,TORONTO UNION STATION,2022-08-26,1305,1320
668,DORVAL,TORONTO UNION STATION,2022-08-26,1353,1366
668,MONTRÉAL,TORONTO UNION STATION,2022-08-26,1375,1390
61,DORVAL,MONTRÉAL,2022-08-26,433,433
61,CORNWALL,MONTRÉAL,2022-08-26,487,491
61,KINGSTON,MONTRÉAL,2022-08-26,575,574
61,BELLEVILLE,MONTRÉAL,2022-08-26,615,617
61,OSHAWA,MONTRÉAL,2022-08-26,683,680
61,TORONTO UNION STATION,MONTRÉAL,2022-08-26,723,723
67,DORVAL,MONTRÉAL,2022-08-26,824,825
67,CORNWALL,MONTRÉAL,2022-08-26,874,874
67,KINGSTON,MONTRÉAL,2022-08-26,958,966
67,BELLEVILLE,MONTRÉAL,2022-08-26,1000,1013
67,COBOURG,MONTRÉAL,2022-08-26,1039,1049
67,OSHAWA,MONTRÉAL,2022-08-26,1074,1085
67,TORONTO UNION STATION,MONTRÉAL,2022-08-26,1113,1159
69,DORVAL,MONTRÉAL,2022-08-26,1037,1037
69,CORNWALL,MONTRÉAL,2022-08-26,1090,1097
69,BROCKVILLE,MONTRÉAL,2022-08-26,1133,1146
69,KINGSTON,MONTRÉAL,2022-08-26,1174,1192
69,OSHAWA,MONTRÉAL,2022-08-26,1279,1301
69,TORONTO UNION STATION,MONTRÉAL,2022-08-26,1323,1343
669,DORVAL,MONTRÉAL,2022-08-26,1123,1126
669,CORNWALL,MONTRÉAL,2022-08-26,1178,1181
669,KINGSTON,MONTRÉAL,2022-08-26,1264,1272
669,OSHAWA,MONTRÉAL,2022-08-26,1374,1402
669,TORONTO UNION STATION,MONTRÉAL,2022-08-26,1413,2
41,FALLOWFIELD RAIL STATION,OTTAWA,2022-08-26,349,345
41,SMITHS FALLS,OTTAWA,2022-08-26,381,381
41,BROCKVILLE,OTTAWA,2022-08-26,409,414
41,KINGSTON,OTTAWA,2022-08-26,451,457
41,BELLEVILLE,OTTAWA,2022-08-26,493,507
41,COBOURG,OTTAWA,2022-08-26,528,544
41,OSHAWA,OTTAWA,2022-08-26,565,583
41,TORONTO UNION STATION,OTTAWA,2022-08-26,603,620
28,CASSELMAN,OTTAWA,2022-08-26,996,997
28,ALEXANDRIA,OTTAWA,2022-08-26,1018,1020
28,COTEAU,OTTAWA,2022-08-26,1038,1048
28,DORVAL,OTTAWA,2022-08-26,1062,1074
28,MONTRÉAL,OTTAWA,2022-08-26,1084,1097
28,SAINT-LAMBERT,OTTAWA,2022-08-26,1126,1143
28,SAINT-HYACINTHE,OTTAWA,2022-08-26,1154,1173
28,DRUMMONDVILLE,OTTAWA,2022-08-26,1183,1210
28,CHARNY,OTTAWA,2022-08-26,1283,1299
28,SAINTE-FOY,OTTAWA,2022-08-26,1290,1307
28,QUÉBEC GARE DU PALAIS,OTTAWA,2022-08-26,1316,1337
15,TRURO,HALIFAX,2022-08-26,866,881
15,SPRINGHILL JCT,HALIFAX,2022-08-26,942,964
15,AMHERST,HALIFAX,2022-08-26,965,984
15,SACKVILLE,HALIFAX,2022-08-26,982,1000
15,MONCTON,HALIFAX,2022-08-26,1037,1047
15,ROGERSVILLE,HALIFAX,2022-08-26,1121,1159
15,MIRAMICHI,HALIFAX,2022-08-26,1172,1208
15,BATHURST,HALIFAX,2022-08-26,1278,1306
15,PETIT ROCHER,HALIFAX,2022-08-26,1307,1334
15,JACQUET RIVER,HALIFAX,2022-08-26,1330,1359
15,CHARLO,HALIFAX,2022-08-26,1354,1397
15,CAMPBELLTON,HALIFAX,2022-08-26,1388,7
15,MATAPEDIA,HALIFAX,2022-08-26,1370,1436
15,CAUSAPSCAL,HALIFAX,2022-08-26,1419,68
15,AMQUI,HALIFAX,2022-08-26,1439,91
15,SAYABEC,HALIFAX,2022-08-26,21,121
15,MONT-JOLI,HALIFAX,2022-08-26,81,190
15,RIMOUSKI,HALIFAX,2022-08-26,114,227
15,TROIS PISTOLES,HALIFAX,2022-08-26,181,316
15,RIVIÈRE-DU-LOUP,HALIFAX,2022-08-26,218,381
15,LA POCATIERE,HALIFAX,2022-08-26,275,421
15,MONTMAGNY,HALIFAX,2022-08-26,310,455
15,SAINTE-FOY,HALIFAX,2022-08-26,373,544
15,DRUMMONDVILLE,HALIFAX,2022-08-26,510,676
15,SAINT-HYACINTHE,HALIFAX,2022-08-26,550,706
15,SAINT-LAMBERT,HALIFAX,2022-08-26,584,736
15,MONTRÉAL,HALIFAX,2022-08-26,603,751
64,GUILDWOOD,TORONTO UNION STATION,2022-08-26,711,721
64,OSHAWA,TORONTO UNION STATION,2022-08-26,728,750
64,COBOURG,TORONTO UNION STATION,2022-08-26,765,785
64,BELLEVILLE,TORONTO UNION STATION,2022-08-26,805,822
64,KINGSTON,TORONTO UNION STATION,2022-08-26,846,869
64,BROCKVILLE,TORONTO UNION STATION,2022-08-26,897,932
64,CORNWALL,TORONTO UNION STATION,2022-08-26,947,982
64,DORVAL,TORONTO UNION STATION,2022-08-26,998,1035
64,MONTRÉAL,TORONTO UNION STATION,2022-08-26,1021,1064
63,DORVAL,MONTRÉAL,2022-08-26,552,560
63,CORNWALL,MONTRÉAL,2022-08-26,603,612
63,BROCKVILLE,MONTRÉAL,2022-08-26,649,665
63,KINGSTON,MONTRÉAL,2022-08-26,694,710
63,BELLEVILLE,MONTRÉAL,2022-08-26,740,762
63,COBOURG,MONTRÉAL,2022-08-26,781,799
63,OSHAWA,MONTRÉAL,2022-08-26,818,833
63,TORONTO UNION STATION,MONTRÉAL,2022-08-26,858,873
84,WYOMING,SARNIA,2022-08-26,535,540
84,STRATHROY,SARNIA,2022-08-26,567,565
84,LONDON,SARNIA,2022-08-26,592,593
84,ST.MARYS,SARNIA,2022-08-26,645,651
84,STRATFORD,SARNIA,2022-08-26,674,679
84,KITCHENER,SARNIA,2022-08-26,722,737
84,GUELPH,SARNIA,2022-08-26,744,760
84,GEORGETOWN,SARNIA,2022-08-26,767,782
84,BRAMPTON,SARNIA,2022-08-26,779,794
84,MALTON,SARNIA,2022-08-26,791,806
84,TORONTO UNION STATION,SARNIA,2022-08-26,818,823
20,SAINT-LAMBERT,MONTRÉAL,2022-08-26,396,402
20,SAINT-HYACINTHE,MONTRÉAL,2022-08-26,423,431
20,DRUMMONDVILLE,MONTRÉAL,2022-08-26,456,491
20,SAINTE-FOY,MONTRÉAL,2022-08-26,557,577
20,QUÉBEC GARE DU PALAIS,MONTRÉAL,2022-08-26,583,607
29,SAINTE-FOY,QUÉBEC GARE DU PALAIS,2022-08-26,1089,1092
29,DRUMMONDVILLE,QUÉBEC GARE DU PALAIS,2022-08-26,1181,1185
29,SAINT-HYACINTHE,QUÉBEC GARE DU PALAIS,2022-08-26,1219,1220
29,SAINT-LAMBERT,QUÉBEC GARE DU PALAIS,2022-08-26,1247,1249
29,MONTRÉAL,QUÉBEC GARE DU PALAIS,2022-08-26,1260,1266
55,FALLOWFIELD RAIL STATION,OTTAWA,2022-08-26,949,950
55,BROCKVILLE,OTTAWA,2022-08-26,1014,1019
55,KINGSTON,OTTAWA,2022-08-26,1057,1063
55,NAPANEE,OTTAWA,2022-08-26,1083,1087
55,BELLEVILLE,OTTAWA,2022-08-26,1101,1114
55,TRENTON JUNCTION,OTTAWA,2022-08-26,1112,1128
55,COBOURG,OTTAWA,2022-08-26,1135,1154
55,PORT HOPE,OTTAWA,2022-08-26,1144,1183
55,OSHAWA,OTTAWA,2022-08-26,1173,1211
55,TORONTO UNION STATION,OTTAWA,2022-08-26,1218,1248
45,FALLOWFIELD RAIL STATION,OTTAWA,2022-08-26,644,644
45,KINGSTON,OTTAWA,2022-08-26,744,759
45,TORONTO UNION STATION,OTTAWA,2022-08-26,888,903
54,GUILDWOOD,TORONTO UNION STATION,2022-08-26,1070,1073
54,OSHAWA,TORONTO UNION STATION,2022-08-26,1087,1120
54,PORT HOPE,TORONTO UNION STATION,2022-08-26,1113,1159
54,COBOURG,TORONTO UNION STATION,2022-08-26,1121,1174
54,TRENTON JUNCTION,TORONTO UNION STATION,2022-08-26,1147,1200
54,BELLEVILLE,TORONTO UNION STATION,2022-08-26,1163,1213
54,NAPANEE,TORONTO UNION STATION,2022-08-26,1182,1235
54,KINGSTON,TORONTO UNION STATION,2022-08-26,1203,1255
54,BROCKVILLE,TORONTO UNION STATION,2022-08-26,1250,1298
54,SMITHS FALLS,TORONTO UNION STATION,2022-08-26,1285,1331
54,FALLOWFIELD RAIL STATION,TORONTO UNION STATION,2022-08-26,1310,1359
54,OTTAWA,TORONTO UNION STATION,2022-08-26,1331,1378
53,FALLOWFIELD RAIL STATION,OTTAWA,2022-08-26,722,722
53,SMITHS FALLS,OTTAWA,2022-08-26,754,754
53,BROCKVILLE,OTTAWA,2022-08-26,789,797
53,GANANOQUE,OTTAWA,2022-08-26,816,841
53,KINGSTON,OTTAWA,2022-08-26,837,868
53,BELLEVILLE,OTTAWA,2022-08-26,880,914
53,COBOURG,OTTAWA,2022-08-26,920,951
53,OSHAWA,OTTAWA,2022-08-26,953,987
53,TORONTO UNION STATION,OTTAWA,2022-08-26,993,1038
26,ALEXANDRIA,OTTAWA,2022-08-26,906,902
26,COTEAU,OTTAWA,2022-08-26,929,921
26,DORVAL,OTTAWA,2022-08-26,953,948
26,MONTRÉAL,OTTAWA,2022-08-26,975,978
26,SAINT-LAMBERT,OTTAWA,2022-08-26,1021,1023
26,SAINT-HYACINTHE,OTTAWA,2022-08-26,1048,1055
26,DRUMMONDVILLE,OTTAWA,2022-08-26,1093,1082
26,CHARNY,OTTAWA,2022-08-26,1192,1185
26,SAINTE-FOY,OTTAWA,2022-08-26,1201,1193
26,QUÉBEC GARE DU PALAIS,OTTAWA,2022-08-26,1226,1223
73,OAKVILLE,TORONTO UNION STATION,2022-08-26,756,760
73,ALDERSHOT,TORONTO UNION STATION,2022-08-26,774,780
73,BRANTFORD,TORONTO UNION STATION,2022-08-26,805,813
73,WOODSTOCK,TORONTO UNION STATION,2022-08-26,834,841
73,LONDON,TORONTO UNION STATION,2022-08-26,863,872
73,CHATHAM,TORONTO UNION STATION,2022-08-26,935,950
73,WINDSOR,TORONTO UNION STATION,2022-08-26,990,995
71,OAKVILLE,TORONTO UNION STATION,2022-08-26,433,434
71,ALDERSHOT,TORONTO UNION STATION,2022-08-26,449,449
71,BRANTFORD,TORONTO UNION STATION,2022-08-26,475,480
71,WOODSTOCK,TORONTO UNION STATION,2022-08-26,510,519
71,INGERSOLL,TORONTO UNION STATION,2022-08-26,523,530
71,LONDON,TORONTO UNION STATION,2022-08-26,546,577
71,GLENCOE,TORONTO UNION STATION,2022-08-26,579,624
71,CHATHAM,TORONTO UNION STATION,2022-08-26,618,666
71,WINDSOR,TORONTO UNION STATION,2022-08-26,668,715
47,FALLOWFIELD RAIL STATION,OTTAWA,2022-08-26,768,775
47,BROCKVILLE,OTTAWA,2022-08-26,836,847
47,GANANOQUE,OTTAWA,2022-08-26,863,874
47,KINGSTON,OTTAWA,2022-08-26,884,897
47,BELLEVILLE,OTTAWA,2022-08-26,928,939
47,OSHAWA,OTTAWA,2022-08-26,998,1011
47,TORONTO UNION STATION,OTTAWA,2022-08-26,1038,1066
51,DORVAL,MONTRÉAL,2022-08-26,401,402
51,ALEXANDRIA,MONTRÉAL,2022-08-26,446,457
51,CASSELMAN,MONTRÉAL,2022-08-26,474,476
51,OTTAWA,MONTRÉAL,2022-08-26,500,503
51,FALLOWFIELD RAIL STATION,MONTRÉAL,2022-08-26,532,529
51,SMITHS FALLS,MONTRÉAL,2022-08-26,561,559
51,BROCKVILLE,MONTRÉAL,2022-08-26,590,595
51,KINGSTON,MONTRÉAL,2022-08-26,632,639
51,BELLEVILLE,MONTRÉAL,2022-08-26,674,679
51,COBOURG,MONTRÉAL,2022-08-26,708,712
51,PORT HOPE,MONTRÉAL,2022-08-26,717,722
51,OSHAWA,MONTRÉAL,2022-08-26,746,753
51,TORONTO UNION STATION,MONTRÉAL,2022-08-26,783,794
22,CASSELMAN,OTTAWA,2022-08-26,415,413
22,ALEXANDRIA,OTTAWA,2022-08-26,436,434
22,COTEAU,OTTAWA,2022-08-26,464,464
22,DORVAL,OTTAWA,2022-08-26,489,490
22,MONTRÉAL,OTTAWA,2022-08-26,511,516
22,SAINT-LAMBERT,OTTAWA,2022-08-26,557,573
22,SAINT-HYACINTHE,OTTAWA,2022-08-26,582,600
22,DRUMMONDVILLE,OTTAWA,2022-08-26,610,635
22,SAINTE-FOY,OTTAWA,2022-08-26,715,720
22,QUÉBEC GARE DU PALAIS,OTTAWA,2022-08-26,742,749
48,GUILDWOOD,TORONTO UNION STATION,2022-08-26,1128,1151
48,OSHAWA,TORONTO UNION STATION,2022-08-26,1145,1174
48,PORT HOPE,TORONTO UNION STATION,2022-08-26,1173,1204
48,COBOURG,TORONTO UNION STATION,2022-08-26,1182,1212
48,TRENTON JUNCTION,TORONTO UNION STATION,2022-08-26,1209,1250
48,BELLEVILLE,TORONTO UNION STATION,2022-08-26,1225,1273
48,NAPANEE,TORONTO UNION STATION,2022-08-26,1245,1296
48,KINGSTON,TORONTO UNION STATION,2022-08-26,1265,1320
48,GANANOQUE,TORONTO UNION STATION,2022-08-26,1289,1343
48,BROCKVILLE,TORONTO UNION STATION,2022-08-26,1313,1368
48,SMITHS FALLS,TORONTO UNION STATION,2022-08-26,1343,1403
48,FALLOWFIELD RAIL STATION,TORONTO UNION STATION,2022-08-26,1370,1429
48,OTTAWA,TORONTO UNION STATION,2022-08-26,1388,11
63,DORVAL,MONTRÉAL,2022-08-26,552,560
63,CORNWALL,MONTRÉAL,2022-08-26,603,612
63,BROCKVILLE,MONTRÉAL,2022-08-26,649,665
63,KINGSTON,MONTRÉAL,2022-08-26,694,710
63,BELLEVILLE,MONTRÉAL,2022-08-26,740,762
63,COBOURG,MONTRÉAL,2022-08-26,781,799
63,OSHAWA,MONTRÉAL,2022-08-26,818,833
63,TORONTO UNION STATION,MONTRÉAL,2022-08-26,858,873
65,DORVAL,MONTRÉAL,2022-08-26,682,686
65,CORNWALL,MONTRÉAL,2022-08-26,734,758
65,KINGSTON,MONTRÉAL,2022-08-26,821,856
65,BELLEVILLE,MONTRÉAL,2022-08-26,865,901
65,COBOURG,MONTRÉAL,2022-08-26,902,936
65,OSHAWA,MONTRÉAL,2022-08-26,937,974
65,GUILDWOOD,MONTRÉAL,2022-08-26,958,1007
65,TORONTO UNION STATION,MONTRÉAL,2022-08-26,978,1036
38,CASSELMAN,OTTAWA,2022-08-26,1161,1161
38,ALEXANDRIA,OTTAWA,2022-08-26,1184,1183
38,DORVAL,OTTAWA,2022-08-26,1235,1232
38,MONTRÉAL,OTTAWA,2022-08-26,1257,1259
66,GUILDWOOD,TORONTO UNION STATION,2022-08-26,936,939
66,OSHAWA,TORONTO UNION STATION,2022-08-26,953,960
66,BELLEVILLE,TORONTO UNION STATION,2022-08-26,1019,1027
66,KINGSTON,TORONTO UNION STATION,2022-08-26,1057,1071
66,CORNWALL,TORONTO UNION STATION,2022-08-26,1146,1160
66,DORVAL,TORONTO UNION STATION,2022-08-26,1194,1212
66,MONTRÉAL,TORONTO UNION STATION,2022-08-26,1218,1240
50,GUILDWOOD,TORONTO UNION STATION,2022-08-26,424,425
50,OSHAWA,TORONTO UNION STATION,2022-08-26,442,450
50,COBOURG,TORONTO UNION STATION,2022-08-26,478,488
50,BELLEVILLE,TORONTO UNION STATION,2022-08-26,513,522
50,KINGSTON,TORONTO UNION STATION,2022-08-26,554,562
50,BROCKVILLE,TORONTO UNION STATION,2022-08-26,613,620
50,SMITHS FALLS,TORONTO UNION STATION,2022-08-26,644,656
50,FALLOWFIELD RAIL STATION,TORONTO UNION STATION,2022-08-26,676,681
50,OTTAWA,TORONTO UNION STATION,2022-08-26,696,700
64,GUILDWOOD,TORONTO UNION STATION,2022-08-26,711,721
64,OSHAWA,TORONTO UNION STATION,2022-08-26,728,750
64,COBOURG,TORONTO UNION STATION,2022-08-26,765,785
64,BELLEVILLE,TORONTO UNION STATION,2022-08-26,805,822
64,KINGSTON,TORONTO UNION STATION,2022-08-26,846,869
64,BROCKVILLE,TORONTO UNION STATION,2022-08-26,897,932
64,CORNWALL,TORONTO UNION STATION,2022-08-26,947,982
64,DORVAL,TORONTO UNION STATION,2022-08-26,998,1035
64,MONTRÉAL,TORONTO UNION STATION,2022-08-26,1021,1064
44,OSHAWA,TORONTO UNION STATION,2022-08-26,893,904
44,KINGSTON,TORONTO UNION STATION,2022-08-26,994,1018
44,BROCKVILLE,TORONTO UNION STATION,2022-08-26,1040,1067
44,SMITHS FALLS,TORONTO UNION STATION,2022-08-26,1070,1106
44,FALLOWFIELD RAIL STATION,TORONTO UNION STATION,2022-08-26,1102,1131
44,OTTAWA,TORONTO UNION STATION,2022-08-26,1123,1151
46,GUILDWOOD,TORONTO UNION STATION,2022-08-26,950,951
46,OSHAWA,TORONTO UNION STATION,2022-08-26,967,971
46,COBOURG,TORONTO UNION STATION,2022-08-26,1001,1005
46,KINGSTON,TORONTO UNION STATION,2022-08-26,1072,1083
46,BROCKVILLE,TORONTO UNION STATION,2022-08-26,1118,1130
46,FALLOWFIELD RAIL STATION,TORONTO UNION STATION,2022-08-26,1190,1189
46,OTTAWA,TORONTO UNION STATION,2022-08-26,1214,1210
87,BRAMPTON,TORONTO UNION STATION,2022-08-27,1092,1126
87,GUELPH,TORONTO UNION STATION,2022-08-27,1129,1155
87,KITCHENER,TORONTO UNION STATION,2022-08-27,1156,1190
87,STRATFORD,TORONTO UNION STATION,2022-08-27,1193,1238
87,ST.MARYS,TORONTO UNION STATION,2022-08-27,1221,1265
87,LONDON,TORONTO UNION STATION,2022-08-27,1269,1268
87,STRATHROY,TORONTO UNION STATION,2022-08-27,1295,1308
87,SARNIA,TORONTO UNION STATION,2022-08-27,1340,1356
72,CHATHAM,WINDSOR,2022-08-27,565,565
72,GLENCOE,WINDSOR,2022-08-27,604,618
72,LONDON,WINDSOR,2022-08-27,638,650
72,INGERSOLL,WINDSOR,2022-08-27,664,678
72,WOODSTOCK,WINDSOR,2022-08-27,680,692
72,BRANTFORD,WINDSOR,2022-08-27,712,721
72,ALDERSHOT,WINDSOR,2022-08-27,745,752
72,OAKVILLE,WINDSOR,2022-08-27,759,766
72,TORONTO UNION STATION,WINDSOR,2022-08-27,785,797
76,CHATHAM,WINDSOR,2022-08-27,868,869
76,GLENCOE,WINDSOR,2022-08-27,903,922
76,LONDON,WINDSOR,2022-08-27,938,954
76,BRANTFORD,WINDSOR,2022-08-27,999,1013
76,ALDERSHOT,WINDSOR,2022-08-27,1030,1043
76,OAKVILLE,WINDSOR,2022-08-27,1047,1060
76,TORONTO UNION STATION,WINDSOR,2022-08-27,1073,1086
78,CHATHAM,WINDSOR,2022-08-27,1105,1112
78,GLENCOE,WINDSOR,2022-08-27,1139,1159
78,LONDON,WINDSOR,2022-08-27,1172,1193
78,INGERSOLL,WINDSOR,2022-08-27,1197,1223
78,WOODSTOCK,WINDSOR,2022-08-27,1208,1237
78,BRANTFORD,WINDSOR,2022-08-27,1239,1267
78,ALDERSHOT,WINDSOR,2022-08-27,1269,1300
78,OAKVILLE,WINDSOR,2022-08-27,1284,1312
78,TORONTO UNION STATION,WINDSOR,2022-08-27,1310,1340
75,OAKVILLE,TORONTO UNION STATION,2022-08-27,1073,1086
75,ALDERSHOT,TORONTO UNION STATION,2022-08-27,1089,1104
75,BRANTFORD,TORONTO UNION STATION,2022-08-27,1121,1137
75,WOODSTOCK,TORONTO UNION STATION,2022-08-27,1152,1168
75,INGERSOLL,TORONTO UNION STATION,2022-08-27,1167,1180
75,LONDON,TORONTO UNION STATION,2022-08-27,1195,1208
75,GLENCOE,TORONTO UNION STATION,2022-08-27,1229,1245
75,CHATHAM,TORONTO UNION STATION,2022-08-27,1263,1289
75,WINDSOR,TORONTO UNION STATION,2022-08-27,1318,1335
70,CHATHAM,WINDSOR,2022-08-27,384,388
70,LONDON,WINDSOR,2022-08-27,450,466
70,INGERSOLL,WINDSOR,2022-08-27,480,493
70,WOODSTOCK,WINDSOR,2022-08-27,493,505
70,BRANTFORD,WINDSOR,2022-08-27,529,535
70,ALDERSHOT,WINDSOR,2022-08-27,568,565
70,OAKVILLE,WINDSOR,2022-08-27,583,593
70,TORONTO UNION STATION,WINDSOR,2022-08-27,610,622
26,ALEXANDRIA,OTTAWA,2022-08-27,906,909
26,DORVAL,OTTAWA,2022-08-27,953,955
26,MONTRÉAL,OTTAWA,2022-08-27,975,978
26,SAINT-LAMBERT,OTTAWA,2022-08-27,1021,1022
26,SAINT-HYACINTHE,OTTAWA,2022-08-27,1048,1050
26,DRUMMONDVILLE,OTTAWA,2022-08-27,1093,1079
26,CHARNY,OTTAWA,2022-08-27,1192,1185
26,SAINTE-FOY,OTTAWA,2022-08-27,1201,1193
26,QUÉBEC GARE DU PALAIS,OTTAWA,2022-08-27,1226,1225
24,ALEXANDRIA,OTTAWA,2022-08-27,665,660
24,COTEAU,OTTAWA,2022-08-27,692,685
24,DORVAL,OTTAWA,2022-08-27,713,713
24,MONTRÉAL,OTTAWA,2022-08-27,735,739
24,SAINT-LAMBERT,OTTAWA,2022-08-27,786,791
24,SAINT-HYACINTHE,OTTAWA,2022-08-27,814,819
24,DRUMMONDVILLE,OTTAWA,2022-08-27,841,853
24,CHARNY,OTTAWA,2022-08-27,945,932
24,SAINTE-FOY,OTTAWA,2022-08-27,952,950
24,QUÉBEC GARE DU PALAIS,OTTAWA,2022-08-27,978,981
645,FALLOWFIELD RAIL STATION,OTTAWA,2022-08-27,894,900
645,KINGSTON,OTTAWA,2022-08-27,994,1002
645,BELLEVILLE,OTTAWA,2022-08-27,1036,1044
645,OSHAWA,OTTAWA,2022-08-27,1103,1108
645,TORONTO UNION STATION,OTTAWA,2022-08-27,1143,1153
60,GUILDWOOD,TORONTO UNION STATION,2022-08-27,424,424
60,OSHAWA,TORONTO UNION STATION,2022-08-27,442,448
60,COBOURG,TORONTO UNION STATION,2022-08-27,478,481
60,BELLEVILLE,TORONTO UNION STATION,2022-08-27,513,518
60,KINGSTON,TORONTO UNION STATION,2022-08-27,554,557
60,CORNWALL,TORONTO UNION STATION,2022-08-27,653,652
60,DORVAL,TORONTO UNION STATION,2022-08-27,701,705
60,MONTRÉAL,TORONTO UNION STATION,2022-08-27,724,729
59,FALLOWFIELD RAIL STATION,OTTAWA,2022-08-27,1086,1085
59,SMITHS FALLS,OTTAWA,2022-08-27,1128,1128
59,BROCKVILLE,OTTAWA,2022-08-27,1156,1162
59,KINGSTON,OTTAWA,2022-08-27,1199,1207
59,BELLEVILLE,OTTAWA,2022-08-27,1241,1252
59,TRENTON JUNCTION,OTTAWA,2022-08-27,1251,1264
59,COBOURG,OTTAWA,2022-08-27,1279,1292
59,OSHAWA,OTTAWA,2022-08-27,1312,1324
59,GUILDWOOD,OTTAWA,2022-08-27,1333,1343
59,TORONTO UNION STATION,OTTAWA,2022-08-27,1353,1368
39,SAINTE-FOY,QUÉBEC GARE DU PALAIS,2022-08-27,924,927
39,DRUMMONDVILLE,QUÉBEC GARE DU PALAIS,2022-08-27,1012,1021
39,SAINT-LAMBERT,QUÉBEC GARE DU PALAIS,2022-08-27,1079,1074
39,MONTRÉAL,QUÉBEC GARE DU PALAIS,2022-08-27,1091,1092
39,DORVAL,QUÉBEC GARE DU PALAIS,2022-08-27,1162,1158
39,COTEAU,QUÉBEC GARE DU PALAIS,2022-08-27,1189,1200
39,ALEXANDRIA,QUÉBEC GARE DU PALAIS,2022-08-27,1217,1220
39,OTTAWA,QUÉBEC GARE DU PALAIS,2022-08-27,1262,1264
633,DORVAL,MONTRÉAL,2022-08-27,562,566
633,ALEXANDRIA,MONTRÉAL,2022-08-27,609,616
633,CASSELMAN,MONTRÉAL,2022-08-27,632,643
633,OTTAWA,MONTRÉAL,2022-08-27,664,668
35,SAINTE-FOY,QUÉBEC GARE DU PALAIS,2022-08-27,514,522
35,CHARNY,QUÉBEC GARE DU PALAIS,2022-08-27,522,533
35,DRUMMONDVILLE,QUÉBEC GARE DU PALAIS,2022-08-27,612,651
35,SAINT-HYACINTHE,QUÉBEC GARE DU PALAIS,2022-08-27,646,682
35,SAINT-LAMBERT,QUÉBEC GARE DU PALAIS,2022-08-27,673,713
35,MONTRÉAL,QUÉBEC GARE DU PALAIS,2022-08-27,686,731
35,DORVAL,QUÉBEC GARE DU PALAIS,2022-08-27,746,806
35,COTEAU,QUÉBEC GARE DU PALAIS,2022-08-27,773,841
35,ALEXANDRIA,QUÉBEC GARE DU PALAIS,2022-08-27,796,865
35,CASSELMAN,QUÉBEC GARE DU PALAIS,2022-08-27,819,889
35,OTTAWA,QUÉBEC GARE DU PALAIS,2022-08-27,846,913
37,SAINTE-FOY,QUÉBEC GARE DU PALAIS,2022-08-27,780,784
37,DRUMMONDVILLE,QUÉBEC GARE DU PALAIS,2022-08-27,883,884
37,SAINT-HYACINTHE,QUÉBEC GARE DU PALAIS,2022-08-27,914,921
37,SAINT-LAMBERT,QUÉBEC GARE DU PALAIS,2022-08-27,942,949
37,MONTRÉAL,QUÉBEC GARE DU PALAIS,2022-08-27,954,961
37,DORVAL,QUÉBEC GARE DU PALAIS,2022-08-27,1022,1017
37,COTEAU,QUÉBEC GARE DU PALAIS,2022-08-27,1048,1056
37,ALEXANDRIA,QUÉBEC GARE DU PALAIS,2022-08-27,1070,1076
37,OTTAWA,QUÉBEC GARE DU PALAIS,2022-08-27,1115,1121
79,OAKVILLE,TORONTO UNION STATION,2022-08-27,1207,1213
79,ALDERSHOT,TORONTO UNION STATION,2022-08-27,1222,1236
79,BRANTFORD,TORONTO UNION STATION,2022-08-27,1250,1279
79,WOODSTOCK,TORONTO UNION STATION,2022-08-27,1277,1308
79,INGERSOLL,TORONTO UNION STATION,2022-08-27,1290,1319
79,LONDON,TORONTO UNION STATION,2022-08-27,1312,1339
79,GLENCOE,TORONTO UNION STATION,2022-08-27,1345,1396
79,CHATHAM,TORONTO UNION STATION,2022-08-27,1377,2
79,WINDSOR,TORONTO UNION STATION,2022-08-27,1424,45
52,GUILDWOOD,TORONTO UNION STATION,2022-08-27,530,528
52,OSHAWA,TORONTO UNION STATION,2022-08-27,548,550
52,COBOURG,TORONTO UNION STATION,2022-08-27,581,587
52,BELLEVILLE,TORONTO UNION STATION,2022-08-27,618,629
52,KINGSTON,TORONTO UNION STATION,2022-08-27,657,674
52,BROCKVILLE,TORONTO UNION STATION,2022-08-27,714,732
52,SMITHS FALLS,TORONTO UNION STATION,2022-08-27,744,766
52,FALLOWFIELD RAIL STATION,TORONTO UNION STATION,2022-08-27,784,797
52,OTTAWA,TORONTO UNION STATION,2022-08-27,805,817
40,GUILDWOOD,TORONTO UNION STATION,2022-08-27,651,651
40,BELLEVILLE,TORONTO UNION STATION,2022-08-27,727,740
40,KINGSTON,TORONTO UNION STATION,2022-08-27,766,780
40,FALLOWFIELD RAIL STATION,TORONTO UNION STATION,2022-08-27,870,893
40,OTTAWA,TORONTO UNION STATION,2022-08-27,894,918
42,GUILDWOOD,TORONTO UNION STATION,2022-08-27,756,757
42,OSHAWA,TORONTO UNION STATION,2022-08-27,773,777
42,PORT HOPE,TORONTO UNION STATION,2022-08-27,799,809
42,COBOURG,TORONTO UNION STATION,2022-08-27,807,817
42,TRENTON JUNCTION,TORONTO UNION STATION,2022-08-27,832,844
42,BELLEVILLE,TORONTO UNION STATION,2022-08-27,845,857
42,NAPANEE,TORONTO UNION STATION,2022-08-27,865,880
42,KINGSTON,TORONTO UNION STATION,2022-08-27,885,912
42,GANANOQUE,TORONTO UNION STATION,2022-08-27,908,936
42,BROCKVILLE,TORONTO UNION STATION,2022-08-27,932,968
42,SMITHS FALLS,TORONTO UNION STATION,2022-08-27,967,1003
42,FALLOWFIELD RAIL STATION,TORONTO UNION STATION,2022-08-27,998,1030
42,OTTAWA,TORONTO UNION STATION,2022-08-27,1017,1051
62,GUILDWOOD,TORONTO UNION STATION,2022-08-27,531,528
62,OSHAWA,TORONTO UNION STATION,2022-08-27,548,550
62,COBOURG,TORONTO UNION STATION,2022-08-27,581,587
62,BELLEVILLE,TORONTO UNION STATION,2022-08-27,619,629
62,KINGSTON,TORONTO UNION STATION,2022-08-27,657,675
62,CORNWALL,TORONTO UNION STATION,2022-08-27,752,774
62,DORVAL,TORONTO UNION STATION,2022-08-27,801,824
62,MONTRÉAL,TORONTO UNION STATION,2022-08-27,823,849
68,GUILDWOOD,TORONTO UNION STATION,2022-08-27,1041,1039
68,OSHAWA,TORONTO UNION STATION,2022-08-27,1058,1065
68,COBOURG,TORONTO UNION STATION,2022-08-27,1090,1107
68,BELLEVILLE,TORONTO UNION STATION,2022-08-27,1127,1152
68,KINGSTON,TORONTO UNION STATION,2022-08-27,1165,1192
68,BROCKVILLE,TORONTO UNION STATION,2022-08-27,1212,1236
68,CORNWALL,TORONTO UNION STATION,2022-08-27,1262,1281
68,DORVAL,TORONTO UNION STATION,2022-08-27,1311,1326
68,MONTRÉAL,TORONTO UNION STATION,2022-08-27,1333,1351
61,DORVAL,MONTRÉAL,2022-08-27,433,435
61,CORNWALL,MONTRÉAL,2022-08-27,487,486
61,KINGSTON,MONTRÉAL,2022-08-27,575,578
61,BELLEVILLE,MONTRÉAL,2022-08-27,615,621
61,OSHAWA,MONTRÉAL,2022-08-27,683,684
61,TORONTO UNION STATION,MONTRÉAL,2022-08-27,723,720
67,DORVAL,MONTRÉAL,2022-08-27,824,828
67,CORNWALL,MONTRÉAL,2022-08-27,874,880
67,KINGSTON,MONTRÉAL,2022-08-27,958,968
67,BELLEVILLE,MONTRÉAL,2022-08-27,1000,1009
67,COBOURG,MONTRÉAL,2022-08-27,1039,1049
67,OSHAWA,MONTRÉAL,2022-08-27,1074,1083
67,TORONTO UNION STATION,MONTRÉAL,2022-08-27,1113,1124
69,DORVAL,MONTRÉAL,2022-08-27,1037,1038
69,CORNWALL,MONTRÉAL,2022-08-27,1090,1088
69,BROCKVILLE,MONTRÉAL,2022-08-27,1133,1141
69,KINGSTON,MONTRÉAL,2022-08-27,1174,1189
69,OSHAWA,MONTRÉAL,2022-08-27,1279,1296
69,TORONTO UNION STATION,MONTRÉAL,2022-08-27,1323,1334
669,DORVAL,MONTRÉAL,2022-08-27,1123,1126
669,CORNWALL,MONTRÉAL,2022-08-27,1178,1181
669,KINGSTON,MONTRÉAL,2022-08-27,1264,1272
669,OSHAWA,MONTRÉAL,2022-08-27,1374,1402
669,TORONTO UNION STATION,MONTRÉAL,2022-08-27,1413,2
41,FALLOWFIELD RAIL STATION,OTTAWA,2022-08-27,349,349
41,SMITHS FALLS,OTTAWA,2022-08-27,381,383
41,BROCKVILLE,OTTAWA,2022-08-27,409,418
41,KINGSTON,OTTAWA,2022-08-27,451,466
41,BELLEVILLE,OTTAWA,2022-08-27,493,509
41,COBOURG,OTTAWA,2022-08-27,528,545
41,OSHAWA,OTTAWA,2022-08-27,565,579
41,TORONTO UNION STATION,OTTAWA,2022-08-27,603,622
28,CASSELMAN,OTTAWA,2022-08-27,996,995
28,ALEXANDRIA,OTTAWA,2022-08-27,1018,1018
28,COTEAU,OTTAWA,2022-08-27,1038,1041
28,DORVAL,OTTAWA,2022-08-27,1062,1075
28,MONTRÉAL,OTTAWA,2022-08-27,1084,1100
28,SAINT-LAMBERT,OTTAWA,2022-08-27,1126,1145
28,SAINT-HYACINTHE,OTTAWA,2022-08-27,1154,1172
28,DRUMMONDVILLE,OTTAWA,2022-08-27,1183,1203
28,CHARNY,OTTAWA,2022-08-27,1283,1295
28,SAINTE-FOY,OTTAWA,2022-08-27,1290,1303
28,QUÉBEC GARE DU PALAIS,OTTAWA,2022-08-27,1316,1334
15,TRURO,HALIFAX,2022-08-27,866,881
15,SPRINGHILL JCT,HALIFAX,2022-08-27,942,964
15,AMHERST,HALIFAX,2022-08-27,965,984
15,SACKVILLE,HALIFAX,2022-08-27,982,1000
15,MONCTON,HALIFAX,2022-08-27,1037,1047
15,ROGERSVILLE,HALIFAX,2022-08-27,1121,1159
15,MIRAMICHI,HALIFAX,2022-08-27,1172,1208
15,BATHURST,HALIFAX,2022-08-27,1278,1306
15,PETIT ROCHER,HALIFAX,2022-08-27,1307,1334
15,JACQUET RIVER,HALIFAX,2022-08-27,1330,1359
15,CHARLO,HALIFAX,2022-08-27,1354,1397
15,CAMPBELLTON,HALIFAX,2022-08-27,1388,7
15,MATAPEDIA,HALIFAX,2022-08-27,1370,1436
15,CAUSAPSCAL,HALIFAX,2022-08-27,1419,68
15,AMQUI,HALIFAX,2022-08-27,1439,91
15,SAYABEC,HALIFAX,2022-08-27,21,121
15,MONT-JOLI,HALIFAX,2022-08-27,81,190
15,RIMOUSKI,HALIFAX,2022-08-27,114,227
15,TROIS PISTOLES,HALIFAX,2022-08-27,181,316
15,RIVIÈRE-DU-LOUP,HALIFAX,2022-08-27,218,381
15,LA POCATIERE,HALIFAX,2022-08-27,275,421
15,MONTMAGNY,HALIFAX,2022-08-27,310,455
15,SAINTE-FOY,HALIFAX,2022-08-27,373,544
15,DRUMMONDVILLE,HALIFAX,2022-08-27,510,676
15,SAINT-HYACINTHE,HALIFAX,2022-08-27,550,706
15,SAINT-LAMBERT,HALIFAX,2022-08-27,584,736
15,MONTRÉAL,HALIFAX,2022-08-27,603,751
64,GUILDWOOD,TORONTO UNION STATION,2022-08-27,711,718
64,OSHAWA,TORONTO UNION STATION,2022-08-27,728,739
64,COBOURG,TORONTO UNION STATION,2022-08-27,765,775
64,BELLEVILLE,TORONTO UNION STATION,2022-08-27,805,809
64,KINGSTON,TORONTO UNION STATION,2022-08-27,846,849
64,BROCKVILLE,TORONTO UNION STATION,2022-08-27,897,909
64,CORNWALL,TORONTO UNION STATION,2022-08-27,947,957
64,DORVAL,TORONTO UNION STATION,2022-08-27,998,1040
64,MONTRÉAL,TORONTO UNION STATION,2022-08-27,1021,1067
63,DORVAL,MONTRÉAL,2022-08-27,552,555
63,CORNWALL,MONTRÉAL,2022-08-27,603,603
63,BROCKVILLE,MONTRÉAL,2022-08-27,649,652
63,KINGSTON,MONTRÉAL,2022-08-27,694,696
63,BELLEVILLE,MONTRÉAL,2022-08-27,740,755
63,COBOURG,MONTRÉAL,2022-08-27,781,789
63,OSHAWA,MONTRÉAL,2022-08-27,818,823
63,TORONTO UNION STATION,MONTRÉAL,2022-08-27,858,872
84,WYOMING,SARNIA,2022-08-27,535,547
84,LONDON,SARNIA,2022-08-27,592,615
84,STRATFORD,SARNIA,2022-08-27,674,682
84,KITCHENER,SARNIA,2022-08-27,722,733
84,GUELPH,SARNIA,2022-08-27,744,746
84,BRAMPTON,SARNIA,2022-08-27,779,819
84,TORONTO UNION STATION,SARNIA,2022-08-27,818,914
29,SAINTE-FOY,QUÉBEC GARE DU PALAIS,2022-08-27,1089,1092
29,DRUMMONDVILLE,QUÉBEC GARE DU PALAIS,2022-08-27,1181,1184
29,SAINT-HYACINTHE,QUÉBEC GARE DU PALAIS,2022-08-27,1219,1227
29,SAINT-LAMBERT,QUÉBEC GARE DU PALAIS,2022-08-27,1247,1256
29,MONTRÉAL,QUÉBEC GARE DU PALAIS,2022-08-27,1260,1270
643,FALLOWFIELD RAIL STATION,OTTAWA,2022-08-27,532,532
643,SMITHS FALLS,OTTAWA,2022-08-27,562,562
643,BROCKVILLE,OTTAWA,2022-08-27,591,600
643,KINGSTON,OTTAWA,2022-08-27,633,645
643,NAPANEE,OTTAWA,2022-08-27,656,671
643,BELLEVILLE,OTTAWA,2022-08-27,678,693
643,TRENTON JUNCTION,OTTAWA,2022-08-27,691,707
643,COBOURG,OTTAWA,2022-08-27,716,735
643,PORT HOPE,OTTAWA,2022-08-27,725,745
643,OSHAWA,OTTAWA,2022-08-27,755,775
643,GUILDWOOD,OTTAWA,2022-08-27,778,797
643,TORONTO UNION STATION,OTTAWA,2022-08-27,798,823
55,FALLOWFIELD RAIL STATION,OTTAWA,2022-08-27,949,965
55,BROCKVILLE,OTTAWA,2022-08-27,1014,1032
55,KINGSTON,OTTAWA,2022-08-27,1057,1077
55,NAPANEE,OTTAWA,2022-08-27,1083,1102
55,BELLEVILLE,OTTAWA,2022-08-27,1101,1125
55,TRENTON JUNCTION,OTTAWA,2022-08-27,1112,1140
55,COBOURG,OTTAWA,2022-08-27,1135,1167
55,PORT HOPE,OTTAWA,2022-08-27,1144,1177
55,OSHAWA,OTTAWA,2022-08-27,1173,1203
55,TORONTO UNION STATION,OTTAWA,2022-08-27,1218,1242
45,FALLOWFIELD RAIL STATION,OTTAWA,2022-08-27,644,643
45,KINGSTON,OTTAWA,2022-08-27,744,753
45,TORONTO UNION STATION,OTTAWA,2022-08-27,888,889
54,GUILDWOOD,TORONTO UNION STATION,2022-08-27,1070,1069
54,OSHAWA,TORONTO UNION STATION,2022-08-27,1087,1097
54,PORT HOPE,TORONTO UNION STATION,2022-08-27,1113,1125
54,COBOURG,TORONTO UNION STATION,2022-08-27,1121,1133
54,TRENTON JUNCTION,TORONTO UNION STATION,2022-08-27,1147,1161
54,BELLEVILLE,TORONTO UNION STATION,2022-08-27,1163,1175
54,NAPANEE,TORONTO UNION STATION,2022-08-27,1182,1198
54,KINGSTON,TORONTO UNION STATION,2022-08-27,1203,1217
54,BROCKVILLE,TORONTO UNION STATION,2022-08-27,1250,1284
54,SMITHS FALLS,TORONTO UNION STATION,2022-08-27,1285,1320
54,FALLOWFIELD RAIL STATION,TORONTO UNION STATION,2022-08-27,1310,1345
54,OTTAWA,TORONTO UNION STATION,2022-08-27,1331,1365
53,FALLOWFIELD RAIL STATION,OTTAWA,2022-08-27,722,720
53,SMITHS FALLS,OTTAWA,2022-08-27,754,752
53,BROCKVILLE,OTTAWA,2022-08-27,789,794
53,GANANOQUE,OTTAWA,2022-08-27,816,826
53,KINGSTON,OTTAWA,2022-08-27,837,849
53,BELLEVILLE,OTTAWA,2022-08-27,880,897
53,COBOURG,OTTAWA,2022-08-27,920,930
53,OSHAWA,OTTAWA,2022-08-27,953,973
53,TORONTO UNION STATION,OTTAWA,2022-08-27,993,1021
26,ALEXANDRIA,OTTAWA,2022-08-27,906,909
26,DORVAL,OTTAWA,2022-08-27,953,955
26,MONTRÉAL,OTTAWA,2022-08-27,975,978
26,SAINT-LAMBERT,OTTAWA,2022-08-27,1021,1022
26,SAINT-HYACINTHE,OTTAWA,2022-08-27,1048,1050
26,DRUMMONDVILLE,OTTAWA,2022-08-27,1093,1079
26,CHARNY,OTTAWA,2022-08-27,1192,1185
26,SAINTE-FOY,OTTAWA,2022-08-27,1201,1193
26,QUÉBEC GARE DU PALAIS,OTTAWA,2022-08-27,1226,1225
73,OAKVILLE,TORONTO UNION STATION,2022-08-27,756,763
73,ALDERSHOT,TORONTO UNION STATION,2022-08-27,774,781
73,BRANTFORD,TORONTO UNION STATION,2022-08-27,805,812
73,WOODSTOCK,TORONTO UNION STATION,2022-08-27,834,841
73,LONDON,TORONTO UNION STATION,2022-08-27,863,871
73,CHATHAM,TORONTO UNION STATION,2022-08-27,935,966
73,WINDSOR,TORONTO UNION STATION,2022-08-27,990,1012
71,OAKVILLE,TORONTO UNION STATION,2022-08-27,433,439
71,ALDERSHOT,TORONTO UNION STATION,2022-08-27,449,456
71,BRANTFORD,TORONTO UNION STATION,2022-08-27,475,487
71,WOODSTOCK,TORONTO UNION STATION,2022-08-27,510,520
71,INGERSOLL,TORONTO UNION STATION,2022-08-27,523,531
71,LONDON,TORONTO UNION STATION,2022-08-27,546,554
71,GLENCOE,TORONTO UNION STATION,2022-08-27,579,590
71,CHATHAM,TORONTO UNION STATION,2022-08-27,618,654
71,WINDSOR,TORONTO UNION STATION,2022-08-27,668,703
47,FALLOWFIELD RAIL STATION,OTTAWA,2022-08-27,768,767
47,BROCKVILLE,OTTAWA,2022-08-27,836,838
47,GANANOQUE,OTTAWA,2022-08-27,863,878
47,KINGSTON,OTTAWA,2022-08-27,884,899
47,BELLEVILLE,OTTAWA,2022-08-27,928,939
47,OSHAWA,OTTAWA,2022-08-27,998,1016
47,TORONTO UNION STATION,OTTAWA,2022-08-27,1038,1059
622,SAINT-LAMBERT,MONTRÉAL,2022-08-27,557,561
622,SAINT-HYACINTHE,MONTRÉAL,2022-08-27,582,589
622,DRUMMONDVILLE,MONTRÉAL,2022-08-27,610,618
622,SAINTE-FOY,MONTRÉAL,2022-08-27,714,707
622,QUÉBEC GARE DU PALAIS,MONTRÉAL,2022-08-27,742,737
63,DORVAL,MONTRÉAL,2022-08-27,552,555
63,CORNWALL,MONTRÉAL,2022-08-27,603,603
63,BROCKVILLE,MONTRÉAL,2022-08-27,649,652
63,KINGSTON,MONTRÉAL,2022-08-27,694,696
63,BELLEVILLE,MONTRÉAL,2022-08-27,740,755
63,COBOURG,MONTRÉAL,2022-08-27,781,789
63,OSHAWA,MONTRÉAL,2022-08-27,818,823
63,TORONTO UNION STATION,MONTRÉAL,2022-08-27,858,872
65,DORVAL,MONTRÉAL,2022-08-27,682,694
65,CORNWALL,MONTRÉAL,2022-08-27,734,748
65,KINGSTON,MONTRÉAL,2022-08-27,821,839
65,BELLEVILLE,MONTRÉAL,2022-08-27,865,883
65,COBOURG,MONTRÉAL,2022-08-27,902,918
65,OSHAWA,MONTRÉAL,2022-08-27,937,955
65,GUILDWOOD,MONTRÉAL,2022-08-27,958,980
65,TORONTO UNION STATION,MONTRÉAL,2022-08-27,978,1003
38,CASSELMAN,OTTAWA,2022-08-27,1161,1160
38,ALEXANDRIA,OTTAWA,2022-08-27,1184,1182
38,DORVAL,OTTAWA,2022-08-27,1235,1239
38,MONTRÉAL,OTTAWA,2022-08-27,1257,1263
66,GUILDWOOD,TORONTO UNION STATION,2022-08-27,936,934
66,OSHAWA,TORONTO UNION STATION,2022-08-27,953,959
66,BELLEVILLE,TORONTO UNION STATION,2022-08-27,1019,1036
66,KINGSTON,TORONTO UNION STATION,2022-08-27,1057,1075
66,CORNWALL,TORONTO UNION STATION,2022-08-27,1146,1163
66,DORVAL,TORONTO UNION STATION,2022-08-27,1194,1213
66,MONTRÉAL,TORONTO UNION STATION,2022-08-27,1218,1241
50,GUILDWOOD,TORONTO UNION STATION,2022-08-27,424,424
50,OSHAWA,TORONTO UNION STATION,2022-08-27,442,448
50,COBOURG,TORONTO UNION STATION,2022-08-27,478,481
50,BELLEVILLE,TORONTO UNION STATION,2022-08-27,513,519
50,KINGSTON,TORONTO UNION STATION,2022-08-27,554,557
50,BROCKVILLE,TORONTO UNION STATION,2022-08-27,613,616
50,SMITHS FALLS,TORONTO UNION STATION,2022-08-27,644,651
50,FALLOWFIELD RAIL STATION,TORONTO UNION STATION,2022-08-27,676,681
50,OTTAWA,TORONTO UNION STATION,2022-08-27,696,702
64,GUILDWOOD,TORONTO UNION STATION,2022-08-27,711,718
64,OSHAWA,TORONTO UNION STATION,2022-08-27,728,739
64,COBOURG,TORONTO UNION STATION,2022-08-27,765,775
64,BELLEVILLE,TORONTO UNION STATION,2022-08-27,805,809
64,KINGSTON,TORONTO UNION STATION,2022-08-27,846,849
64,BROCKVILLE,TORONTO UNION STATION,2022-08-27,897,909
64,CORNWALL,TORONTO UNION STATION,2022-08-27,947,957
64,DORVAL,TORONTO UNION STATION,2022-08-27,998,1040
64,MONTRÉAL,TORONTO UNION STATION,2022-08-27,1021,1067
44,OSHAWA,TORONTO UNION STATION,2022-08-27,893,897
44,KINGSTON,TORONTO UNION STATION,2022-08-27,994,1006
44,BROCKVILLE,TORONTO UNION STATION,2022-08-27,1040,1054
44,SMITHS FALLS,TORONTO UNION STATION,2022-08-27,1070,1090
44,FALLOWFIELD RAIL STATION,TORONTO UNION STATION,2022-08-27,1102,1117
44,OTTAWA,TORONTO UNION STATION,2022-08-27,1123,1138
46,GUILDWOOD,TORONTO UNION STATION,2022-08-27,950,949
46,OSHAWA,TORONTO UNION STATION,2022-08-27,967,973
46,COBOURG,TORONTO UNION STATION,2022-08-27,1001,1006
46,KINGSTON,TORONTO UNION STATION,2022-08-27,1072,1086
46,BROCKVILLE,TORONTO UNION STATION,2022-08-27,1118,1134
46,FALLOWFIELD RAIL STATION,TORONTO UNION STATION,2022-08-27,1190,1201
46,OTTAWA,TORONTO UNION STATION,2022-08-27,1214,1222
87,BRAMPTON,TORONTO UNION STATION,2022-08-28,1092,1123
87,GEORGETOWN,TORONTO UNION STATION,2022-08-28,1104,1155
87,GUELPH,TORONTO UNION STATION,2022-08-28,1129,1199
87,KITCHENER,TORONTO UNION STATION,2022-08-28,1156,1232
87,LONDON,TORONTO UNION STATION,2022-08-28,1269,1309
87,SARNIA,TORONTO UNION STATION,2022-08-28,1340,1385
72,CHATHAM,WINDSOR,2022-08-28,565,565
72,GLENCOE,WINDSOR,2022-08-28,604,613
72,LONDON,WINDSOR,2022-08-28,638,645
72,INGERSOLL,WINDSOR,2022-08-28,664,676
72,WOODSTOCK,WINDSOR,2022-08-28,680,688
72,BRANTFORD,WINDSOR,2022-08-28,712,719
72,ALDERSHOT,WINDSOR,2022-08-28,745,764
72,OAKVILLE,WINDSOR,2022-08-28,759,785
72,TORONTO UNION STATION,WINDSOR,2022-08-28,785,818
76,CHATHAM,WINDSOR,2022-08-28,868,869
76,GLENCOE,WINDSOR,2022-08-28,903,921
76,LONDON,WINDSOR,2022-08-28,938,954
76,BRANTFORD,WINDSOR,2022-08-28,999,1013
76,ALDERSHOT,WINDSOR,2022-08-28,1030,1046
76,OAKVILLE,WINDSOR,2022-08-28,1047,1065
76,TORONTO UNION STATION,WINDSOR,2022-08-28,1073,1091
78,CHATHAM,WINDSOR,2022-08-28,1105,1122
78,GLENCOE,WINDSOR,2022-08-28,1139,1174
78,LONDON,WINDSOR,2022-08-28,1172,1207
78,INGERSOLL,WINDSOR,2022-08-28,1197,1245
78,WOODSTOCK,WINDSOR,2022-08-28,1208,1258
78,BRANTFORD,WINDSOR,2022-08-28,1239,1290
78,ALDERSHOT,WINDSOR,2022-08-28,1269,1325
78,OAKVILLE,WINDSOR,2022-08-28,1284,1345
78,TORONTO UNION STATION,WINDSOR,2022-08-28,1310,1374
75,OAKVILLE,TORONTO UNION STATION,2022-08-28,1073,1137
75,ALDERSHOT,TORONTO UNION STATION,2022-08-28,1089,1152
75,BRANTFORD,TORONTO UNION STATION,2022-08-28,1121,1185
75,WOODSTOCK,TORONTO UNION STATION,2022-08-28,1152,1215
75,INGERSOLL,TORONTO UNION STATION,2022-08-28,1167,1230
75,LONDON,TORONTO UNION STATION,2022-08-28,1195,1255
75,GLENCOE,TORONTO UNION STATION,2022-08-28,1229,1298
75,CHATHAM,TORONTO UNION STATION,2022-08-28,1263,1345
75,WINDSOR,TORONTO UNION STATION,2022-08-28,1318,1390
70,CHATHAM,WINDSOR,2022-08-28,384,383
70,LONDON,WINDSOR,2022-08-28,450,457
70,INGERSOLL,WINDSOR,2022-08-28,480,485
70,WOODSTOCK,WINDSOR,2022-08-28,493,496
70,BRANTFORD,WINDSOR,2022-08-28,529,529
70,ALDERSHOT,WINDSOR,2022-08-28,568,561
70,OAKVILLE,WINDSOR,2022-08-28,583,584
70,TORONTO UNION STATION,WINDSOR,2022-08-28,610,613
26,ALEXANDRIA,OTTAWA,2022-08-28,906,905
26,DORVAL,OTTAWA,2022-08-28,953,952
26,MONTRÉAL,OTTAWA,2022-08-28,975,976
26,SAINT-LAMBERT,OTTAWA,2022-08-28,1021,1012
26,SAINT-HYACINTHE,OTTAWA,2022-08-28,1048,1044
26,DRUMMONDVILLE,OTTAWA,2022-08-28,1093,1085
26,CHARNY,OTTAWA,2022-08-28,1192,1169
26,SAINTE-FOY,OTTAWA,2022-08-28,1201,1177
26,QUÉBEC GARE DU PALAIS,OTTAWA,2022-08-28,1226,1207
24,ALEXANDRIA,OTTAWA,2022-08-28,665,703
24,COTEAU,OTTAWA,2022-08-28,692,727
24,DORVAL,OTTAWA,2022-08-28,713,758
24,MONTRÉAL,OTTAWA,2022-08-28,735,782
24,SAINT-LAMBERT,OTTAWA,2022-08-28,786,826
24,SAINT-HYACINTHE,OTTAWA,2022-08-28,814,853
24,DRUMMONDVILLE,OTTAWA,2022-08-28,841,885
24,CHARNY,OTTAWA,2022-08-28,945,962
24,SAINTE-FOY,OTTAWA,2022-08-28,952,973
24,QUÉBEC GARE DU PALAIS,OTTAWA,2022-08-28,978,1003
602,HEBERTVILLE,JONQUIERE,2022-08-28,700,710
602,CHAMBORD,JONQUIERE,2022-08-28,734,752
602,LAC BOUCHETTE,JONQUIERE,2022-08-28,772,808
602,KONDIARONK,JONQUIERE,2022-08-28,811,845
602,LAC DES ROCHES,JONQUIERE,2022-08-28,814,847
602,VAN BRUYSSELS,JONQUIERE,2022-08-28,824,859
602,KISKISINK,JONQUIERE,2022-08-28,825,859
602,ROUSSEAU,JONQUIERE,2022-08-28,1014,1049
602,HERVEY,JONQUIERE,2022-08-28,1100,1100
602,ST-TITE,JONQUIERE,2022-08-28,1128,1127
602,GARNEAU,JONQUIERE,2022-08-28,1142,1143
602,GRAND-MÈRE,JONQUIERE,2022-08-28,1155,1159
602,SHAWINIGAN,JONQUIERE,2022-08-28,1163,1166
602,CHARETTE,JONQUIERE,2022-08-28,1186,1188
602,ST-PAULIN,JONQUIERE,2022-08-28,1196,1199
602,ST-JUSTIN,JONQUIERE,2022-08-28,1209,1210
602,JOLIETTE,JONQUIERE,2022-08-28,1238,1278
602,ANJOU,JONQUIERE,2022-08-28,1281,1320
602,SAUVÉ,JONQUIERE,2022-08-28,1295,1330
602,MONTRÉAL,JONQUIERE,2022-08-28,1366,1375
645,FALLOWFIELD RAIL STATION,OTTAWA,2022-08-28,894,893
645,KINGSTON,OTTAWA,2022-08-28,994,1011
645,BELLEVILLE,OTTAWA,2022-08-28,1036,1056
645,OSHAWA,OTTAWA,2022-08-28,1103,1125
645,TORONTO UNION STATION,OTTAWA,2022-08-28,1143,1168
59,FALLOWFIELD RAIL STATION,OTTAWA,2022-08-28,1086,1086
59,SMITHS FALLS,OTTAWA,2022-08-28,1128,1121
59,BROCKVILLE,OTTAWA,2022-08-28,1156,1175
59,KINGSTON,OTTAWA,2022-08-28,1199,1219
59,BELLEVILLE,OTTAWA,2022-08-28,1241,1271
59,TRENTON JUNCTION,OTTAWA,2022-08-28,1251,1284
59,COBOURG,OTTAWA,2022-08-28,1279,1313
59,OSHAWA,OTTAWA,2022-08-28,1312,1353
59,GUILDWOOD,OTTAWA,2022-08-28,1333,1383
59,TORONTO UNION STATION,OTTAWA,2022-08-28,1353,1411
39,SAINTE-FOY,QUÉBEC GARE DU PALAIS,2022-08-28,924,929
39,DRUMMONDVILLE,QUÉBEC GARE DU PALAIS,2022-08-28,1012,1026
39,SAINT-LAMBERT,QUÉBEC GARE DU PALAIS,2022-08-28,1079,1086
39,MONTRÉAL,QUÉBEC GARE DU PALAIS,2022-08-28,1091,1103
39,DORVAL,QUÉBEC GARE DU PALAIS,2022-08-28,1162,1159
39,COTEAU,QUÉBEC GARE DU PALAIS,2022-08-28,1189,1189
39,ALEXANDRIA,QUÉBEC GARE DU PALAIS,2022-08-28,1217,1214
39,OTTAWA,QUÉBEC GARE DU PALAIS,2022-08-28,1262,1260
633,DORVAL,MONTRÉAL,2022-08-28,562,575
633,ALEXANDRIA,MONTRÉAL,2022-08-28,609,627
633,CASSELMAN,MONTRÉAL,2022-08-28,632,700
633,OTTAWA,MONTRÉAL,2022-08-28,664,727
35,SAINTE-FOY,QUÉBEC GARE DU PALAIS,2022-08-28,514,518
35,CHARNY,QUÉBEC GARE DU PALAIS,2022-08-28,522,529
35,DRUMMONDVILLE,QUÉBEC GARE DU PALAIS,2022-08-28,612,609
35,SAINT-HYACINTHE,QUÉBEC GARE DU PALAIS,2022-08-28,646,641
35,SAINT-LAMBERT,QUÉBEC GARE DU PALAIS,2022-08-28,673,673
35,MONTRÉAL,QUÉBEC GARE DU PALAIS,2022-08-28,686,685
35,DORVAL,QUÉBEC GARE DU PALAIS,2022-08-28,746,747
35,COTEAU,QUÉBEC GARE DU PALAIS,2022-08-28,773,780
35,ALEXANDRIA,QUÉBEC GARE DU PALAIS,2022-08-28,796,803
35,CASSELMAN,QUÉBEC GARE DU PALAIS,2022-08-28,819,827
35,OTTAWA,QUÉBEC GARE DU PALAIS,2022-08-28,846,854
37,SAINTE-FOY,QUÉBEC GARE DU PALAIS,2022-08-28,780,785
37,DRUMMONDVILLE,QUÉBEC GARE DU PALAIS,2022-08-28,883,880
37,SAINT-HYACINTHE,QUÉBEC GARE DU PALAIS,2022-08-28,914,909
37,SAINT-LAMBERT,QUÉBEC GARE DU PALAIS,2022-08-28,942,938
37,MONTRÉAL,QUÉBEC GARE DU PALAIS,2022-08-28,954,952
37,DORVAL,QUÉBEC GARE DU PALAIS,2022-08-28,1022,1021
37,COTEAU,QUÉBEC GARE DU PALAIS,2022-08-28,1048,1049
37,ALEXANDRIA,QUÉBEC GARE DU PALAIS,2022-08-28,1070,1071
37,OTTAWA,QUÉBEC GARE DU PALAIS,2022-08-28,1115,1121
79,OAKVILLE,TORONTO UNION STATION,2022-08-28,1207,1210
79,ALDERSHOT,TORONTO UNION STATION,2022-08-28,1222,1238
79,BRANTFORD,TORONTO UNION STATION,2022-08-28,1250,1316
79,WOODSTOCK,TORONTO UNION STATION,2022-08-28,1277,1345
79,INGERSOLL,TORONTO UNION STATION,2022-08-28,1290,1357
79,LONDON,TORONTO UNION STATION,2022-08-28,1312,1380
79,GLENCOE,TORONTO UNION STATION,2022-08-28,1345,1416
79,CHATHAM,TORONTO UNION STATION,2022-08-28,1377,23
79,WINDSOR,TORONTO UNION STATION,2022-08-28,1424,68
52,GUILDWOOD,TORONTO UNION STATION,2022-08-28,530,528
52,OSHAWA,TORONTO UNION STATION,2022-08-28,548,553
52,COBOURG,TORONTO UNION STATION,2022-08-28,581,620
52,BELLEVILLE,TORONTO UNION STATION,2022-08-28,618,655
52,KINGSTON,TORONTO UNION STATION,2022-08-28,657,700
52,BROCKVILLE,TORONTO UNION STATION,2022-08-28,714,763
52,SMITHS FALLS,TORONTO UNION STATION,2022-08-28,744,806
52,FALLOWFIELD RAIL STATION,TORONTO UNION STATION,2022-08-28,784,833
52,OTTAWA,TORONTO UNION STATION,2022-08-28,805,852
40,GUILDWOOD,TORONTO UNION STATION,2022-08-28,651,648
40,BELLEVILLE,TORONTO UNION STATION,2022-08-28,727,732
40,KINGSTON,TORONTO UNION STATION,2022-08-28,766,810
40,FALLOWFIELD RAIL STATION,TORONTO UNION STATION,2022-08-28,870,932
40,OTTAWA,TORONTO UNION STATION,2022-08-28,894,957
42,GUILDWOOD,TORONTO UNION STATION,2022-08-28,756,759
42,OSHAWA,TORONTO UNION STATION,2022-08-28,773,791
42,PORT HOPE,TORONTO UNION STATION,2022-08-28,799,827
42,COBOURG,TORONTO UNION STATION,2022-08-28,807,836
42,TRENTON JUNCTION,TORONTO UNION STATION,2022-08-28,832,861
42,BELLEVILLE,TORONTO UNION STATION,2022-08-28,845,874
42,NAPANEE,TORONTO UNION STATION,2022-08-28,865,897
42,KINGSTON,TORONTO UNION STATION,2022-08-28,885,918
42,GANANOQUE,TORONTO UNION STATION,2022-08-28,908,942
42,BROCKVILLE,TORONTO UNION STATION,2022-08-28,932,969
42,SMITHS FALLS,TORONTO UNION STATION,2022-08-28,967,1011
42,FALLOWFIELD RAIL STATION,TORONTO UNION STATION,2022-08-28,998,1037
42,OTTAWA,TORONTO UNION STATION,2022-08-28,1017,1057
62,GUILDWOOD,TORONTO UNION STATION,2022-08-28,531,529
62,OSHAWA,TORONTO UNION STATION,2022-08-28,548,553
62,COBOURG,TORONTO UNION STATION,2022-08-28,581,620
62,BELLEVILLE,TORONTO UNION STATION,2022-08-28,619,655
62,KINGSTON,TORONTO UNION STATION,2022-08-28,657,700
62,CORNWALL,TORONTO UNION STATION,2022-08-28,752,803
62,DORVAL,TORONTO UNION STATION,2022-08-28,801,854
62,MONTRÉAL,TORONTO UNION STATION,2022-08-28,823,883
68,GUILDWOOD,TORONTO UNION STATION,2022-08-28,1041,1043
68,OSHAWA,TORONTO UNION STATION,2022-08-28,1058,1066
68,COBOURG,TORONTO UNION STATION,2022-08-28,1090,1100
68,BELLEVILLE,TORONTO UNION STATION,2022-08-28,1127,1135
68,KINGSTON,TORONTO UNION STATION,2022-08-28,1165,1176
68,BROCKVILLE,TORONTO UNION STATION,2022-08-28,1212,1224
68,CORNWALL,TORONTO UNION STATION,2022-08-28,1262,1271
68,DORVAL,TORONTO UNION STATION,2022-08-28,1311,1321
68,MONTRÉAL,TORONTO UNION STATION,2022-08-28,1333,1350
668,GUILDWOOD,TORONTO UNION STATION,2022-08-28,1099,1133
668,OSHAWA,TORONTO UNION STATION,2022-08-28,1117,1157
668,KINGSTON,TORONTO UNION STATION,2022-08-28,1216,1261
668,CORNWALL,TORONTO UNION STATION,2022-08-28,1305,1343
668,DORVAL,TORONTO UNION STATION,2022-08-28,1353,1400
668,MONTRÉAL,TORONTO UNION STATION,2022-08-28,1375,1423
67,DORVAL,MONTRÉAL,2022-08-28,824,824
67,CORNWALL,MONTRÉAL,2022-08-28,874,877
67,KINGSTON,MONTRÉAL,2022-08-28,958,969
67,BELLEVILLE,MONTRÉAL,2022-08-28,1000,1011
67,COBOURG,MONTRÉAL,2022-08-28,1039,1047
67,OSHAWA,MONTRÉAL,2022-08-28,1074,1091
67,TORONTO UNION STATION,MONTRÉAL,2022-08-28,1113,1134
69,DORVAL,MONTRÉAL,2022-08-28,1037,1039
69,CORNWALL,MONTRÉAL,2022-08-28,1090,1090
69,BROCKVILLE,MONTRÉAL,2022-08-28,1133,1143
69,KINGSTON,MONTRÉAL,2022-08-28,1174,1189
69,OSHAWA,MONTRÉAL,2022-08-28,1279,1308
69,TORONTO UNION STATION,MONTRÉAL,2022-08-28,1323,1350
669,DORVAL,MONTRÉAL,2022-08-28,1123,1126
669,CORNWALL,MONTRÉAL,2022-08-28,1178,1177
669,KINGSTON,MONTRÉAL,2022-08-28,1264,1269
669,OSHAWA,MONTRÉAL,2022-08-28,1374,1384
669,TORONTO UNION STATION,MONTRÉAL,2022-08-28,1413,1
28,CASSELMAN,OTTAWA,2022-08-28,996,1011
28,ALEXANDRIA,OTTAWA,2022-08-28,1018,1032
28,COTEAU,OTTAWA,2022-08-28,1038,1069
28,DORVAL,OTTAWA,2022-08-28,1062,1092
28,MONTRÉAL,OTTAWA,2022-08-28,1084,1117
28,SAINT-LAMBERT,OTTAWA,2022-08-28,1126,1159
28,SAINT-HYACINTHE,OTTAWA,2022-08-28,1154,1191
28,DRUMMONDVILLE,OTTAWA,2022-08-28,1183,1228
28,CHARNY,OTTAWA,2022-08-28,1283,1307
28,SAINTE-FOY,OTTAWA,2022-08-28,1290,1314
28,QUÉBEC GARE DU PALAIS,OTTAWA,2022-08-28,1316,1347
15,SPRINGHILL JCT,TRURO,2022-08-28,942,952
15,AMHERST,TRURO,2022-08-28,965,972
15,SACKVILLE,TRURO,2022-08-28,982,987
15,MONCTON,TRURO,2022-08-28,1037,1031
15,ROGERSVILLE,TRURO,2022-08-28,1121,1137
15,MIRAMICHI,TRURO,2022-08-28,1172,1185
15,BATHURST,TRURO,2022-08-28,1278,1285
15,PETIT ROCHER,TRURO,2022-08-28,1307,1313
15,JACQUET RIVER,TRURO,2022-08-28,1330,1336
15,CHARLO,TRURO,2022-08-28,1354,1373
15,CAMPBELLTON,TRURO,2022-08-28,1388,1421
15,MATAPEDIA,TRURO,2022-08-28,1370,1401
15,CAUSAPSCAL,TRURO,2022-08-28,1419,20
15,AMQUI,TRURO,2022-08-28,1439,41
15,SAYABEC,TRURO,2022-08-28,21,71
15,MONT-JOLI,TRURO,2022-08-28,81,141
15,RIMOUSKI,TRURO,2022-08-28,114,177
15,TROIS PISTOLES,TRURO,2022-08-28,181,276
15,RIVIÈRE-DU-LOUP,TRURO,2022-08-28,218,339
15,LA POCATIERE,TRURO,2022-08-28,275,385
15,SAINTE-FOY,TRURO,2022-08-28,373,466
15,DRUMMONDVILLE,TRURO,2022-08-28,510,596
15,SAINT-HYACINTHE,TRURO,2022-08-28,550,643
15,SAINT-LAMBERT,TRURO,2022-08-28,584,677
15,MONTRÉAL,TRURO,2022-08-28,603,693
64,GUILDWOOD,TORONTO UNION STATION,2022-08-28,711,709
64,OSHAWA,TORONTO UNION STATION,2022-08-28,728,750
64,COBOURG,TORONTO UNION STATION,2022-08-28,765,803
64,BELLEVILLE,TORONTO UNION STATION,2022-08-28,805,840
64,KINGSTON,TORONTO UNION STATION,2022-08-28,846,888
64,BROCKVILLE,TORONTO UNION STATION,2022-08-28,897,938
64,CORNWALL,TORONTO UNION STATION,2022-08-28,947,988
64,DORVAL,TORONTO UNION STATION,2022-08-28,998,1047
64,MONTRÉAL,TORONTO UNION STATION,2022-08-28,1021,1076
63,DORVAL,MONTRÉAL,2022-08-28,552,564
63,CORNWALL,MONTRÉAL,2022-08-28,603,622
63,BROCKVILLE,MONTRÉAL,2022-08-28,649,670
63,KINGSTON,MONTRÉAL,2022-08-28,694,716
63,BELLEVILLE,MONTRÉAL,2022-08-28,740,763
63,COBOURG,MONTRÉAL,2022-08-28,781,800
63,OSHAWA,MONTRÉAL,2022-08-28,818,835
63,TORONTO UNION STATION,MONTRÉAL,2022-08-28,858,882
84,WYOMING,SARNIA,2022-08-28,535,548
84,TORONTO UNION STATION,SARNIA,2022-08-28,818,899
29,SAINTE-FOY,QUÉBEC GARE DU PALAIS,2022-08-28,1089,1093
29,DRUMMONDVILLE,QUÉBEC GARE DU PALAIS,2022-08-28,1181,1185
29,SAINT-HYACINTHE,QUÉBEC GARE DU PALAIS,2022-08-28,1219,1223
29,SAINT-LAMBERT,QUÉBEC GARE DU PALAIS,2022-08-28,1247,1256
29,MONTRÉAL,QUÉBEC GARE DU PALAIS,2022-08-28,1260,1270
643,FALLOWFIELD RAIL STATION,OTTAWA,2022-08-28,532,530
643,SMITHS FALLS,OTTAWA,2022-08-28,562,563
643,BROCKVILLE,OTTAWA,2022-08-28,591,600
643,KINGSTON,OTTAWA,2022-08-28,633,643
643,NAPANEE,OTTAWA,2022-08-28,656,682
643,BELLEVILLE,OTTAWA,2022-08-28,678,704
643,TRENTON JUNCTION,OTTAWA,2022-08-28,691,719
643,COBOURG,OTTAWA,2022-08-28,716,745
643,PORT HOPE,OTTAWA,2022-08-28,725,755
643,OSHAWA,OTTAWA,2022-08-28,755,781
643,GUILDWOOD,OTTAWA,2022-08-28,778,803
643,TORONTO UNION STATION,OTTAWA,2022-08-28,798,822
55,FALLOWFIELD RAIL STATION,OTTAWA,2022-08-28,949,953
55,BROCKVILLE,OTTAWA,2022-08-28,1014,1021
55,KINGSTON,OTTAWA,2022-08-28,1057,1069
55,NAPANEE,OTTAWA,2022-08-28,1083,1093
55,BELLEVILLE,OTTAWA,2022-08-28,1101,1117
55,TRENTON JUNCTION,OTTAWA,2022-08-28,1112,1132
55,COBOURG,OTTAWA,2022-08-28,1135,1159
55,PORT HOPE,OTTAWA,2022-08-28,1144,1169
55,OSHAWA,OTTAWA,2022-08-28,1173,1204
55,TORONTO UNION STATION,OTTAWA,2022-08-28,1218,1245
45,FALLOWFIELD RAIL STATION,OTTAWA,2022-08-28,644,644
45,KINGSTON,OTTAWA,2022-08-28,744,748
45,TORONTO UNION STATION,OTTAWA,2022-08-28,888,892
54,GUILDWOOD,TORONTO UNION STATION,2022-08-28,1070,1071
54,OSHAWA,TORONTO UNION STATION,2022-08-28,1087,1106
54,PORT HOPE,TORONTO UNION STATION,2022-08-28,1113,1134
54,COBOURG,TORONTO UNION STATION,2022-08-28,1121,1144
54,TRENTON JUNCTION,TORONTO UNION STATION,2022-08-28,1147,1171
54,BELLEVILLE,TORONTO UNION STATION,2022-08-28,1163,1186
54,NAPANEE,TORONTO UNION STATION,2022-08-28,1182,1209
54,KINGSTON,TORONTO UNION STATION,2022-08-28,1203,1231
54,BROCKVILLE,TORONTO UNION STATION,2022-08-28,1250,1276
54,SMITHS FALLS,TORONTO UNION STATION,2022-08-28,1285,1310
54,FALLOWFIELD RAIL STATION,TORONTO UNION STATION,2022-08-28,1310,1336
54,OTTAWA,TORONTO UNION STATION,2022-08-28,1331,1359
53,FALLOWFIELD RAIL STATION,OTTAWA,2022-08-28,722,724
53,SMITHS FALLS,OTTAWA,2022-08-28,754,755
53,BROCKVILLE,OTTAWA,2022-08-28,789,792
53,GANANOQUE,OTTAWA,2022-08-28,816,829
53,KINGSTON,OTTAWA,2022-08-28,837,851
53,BELLEVILLE,OTTAWA,2022-08-28,880,895
53,COBOURG,OTTAWA,2022-08-28,920,941
53,OSHAWA,OTTAWA,2022-08-28,953,977
53,TORONTO UNION STATION,OTTAWA,2022-08-28,993,1017
26,ALEXANDRIA,OTTAWA,2022-08-28,906,905
26,DORVAL,OTTAWA,2022-08-28,953,952
26,MONTRÉAL,OTTAWA,2022-08-28,975,976
26,SAINT-LAMBERT,OTTAWA,2022-08-28,1021,1012
26,SAINT-HYACINTHE,OTTAWA,2022-08-28,1048,1044
26,DRUMMONDVILLE,OTTAWA,2022-08-28,1093,1085
26,CHARNY,OTTAWA,2022-08-28,1192,1169
26,SAINTE-FOY,OTTAWA,2022-08-28,1201,1177
26,QUÉBEC GARE DU PALAIS,OTTAWA,2022-08-28,1226,1207
606,MEGISCANE,SENNETERRE,2022-08-28,552,556
606,SANMAUR,SENNETERRE,2022-08-28,836,847
606,ST-MAURICE RIVIERE BOOM,SENNETERRE,2022-08-28,841,851
606,LA TUQUE,SENNETERRE,2022-08-28,1000,970
606,HERVEY,SENNETERRE,2022-08-28,1095,1090
606,GARNEAU,SENNETERRE,2022-08-28,1142,1143
606,GRAND-MÈRE,SENNETERRE,2022-08-28,1155,1159
606,SHAWINIGAN,SENNETERRE,2022-08-28,1163,1166
606,ST-JUSTIN,SENNETERRE,2022-08-28,1209,1210
606,JOLIETTE,SENNETERRE,2022-08-28,1238,1282
606,ANJOU,SENNETERRE,2022-08-28,1281,1320
606,SAUVÉ,SENNETERRE,2022-08-28,1295,1330
606,MONTRÉAL,SENNETERRE,2022-08-28,1366,1375
73,OAKVILLE,TORONTO UNION STATION,2022-08-28,756,765
73,ALDERSHOT,TORONTO UNION STATION,2022-08-28,774,784
73,BRANTFORD,TORONTO UNION STATION,2022-08-28,805,821
73,WOODSTOCK,TORONTO UNION STATION,2022-08-28,834,848
73,LONDON,TORONTO UNION STATION,2022-08-28,863,879
73,CHATHAM,TORONTO UNION STATION,2022-08-28,935,963
73,WINDSOR,TORONTO UNION STATION,2022-08-28,990,1009
71,OAKVILLE,TORONTO UNION STATION,2022-08-28,433,442
71,ALDERSHOT,TORONTO UNION STATION,2022-08-28,449,457
71,BRANTFORD,TORONTO UNION STATION,2022-08-28,475,487
71,WOODSTOCK,TORONTO UNION STATION,2022-08-28,510,517
71,INGERSOLL,TORONTO UNION STATION,2022-08-28,523,529
71,LONDON,TORONTO UNION STATION,2022-08-28,546,552
71,GLENCOE,TORONTO UNION STATION,2022-08-28,579,587
71,CHATHAM,TORONTO UNION STATION,2022-08-28,618,648
71,WINDSOR,TORONTO UNION STATION,2022-08-28,668,693
47,FALLOWFIELD RAIL STATION,OTTAWA,2022-08-28,768,768
47,BROCKVILLE,OTTAWA,2022-08-28,836,841
47,GANANOQUE,OTTAWA,2022-08-28,863,873
47,KINGSTON,OTTAWA,2022-08-28,884,895
47,BELLEVILLE,OTTAWA,2022-08-28,928,943
47,OSHAWA,OTTAWA,2022-08-28,998,1020
47,TORONTO UNION STATION,OTTAWA,2022-08-28,1038,1062
48,GUILDWOOD,TORONTO UNION STATION,2022-08-28,1128,1144
48,OSHAWA,TORONTO UNION STATION,2022-08-28,1145,1166
48,PORT HOPE,TORONTO UNION STATION,2022-08-28,1173,1208
48,COBOURG,TORONTO UNION STATION,2022-08-28,1182,1216
48,TRENTON JUNCTION,TORONTO UNION STATION,2022-08-28,1209,1242
48,BELLEVILLE,TORONTO UNION STATION,2022-08-28,1225,1255
48,NAPANEE,TORONTO UNION STATION,2022-08-28,1245,1278
48,KINGSTON,TORONTO UNION STATION,2022-08-28,1265,1298
48,GANANOQUE,TORONTO UNION STATION,2022-08-28,1289,1320
48,BROCKVILLE,TORONTO UNION STATION,2022-08-28,1313,1345
48,SMITHS FALLS,TORONTO UNION STATION,2022-08-28,1343,1379
48,FALLOWFIELD RAIL STATION,TORONTO UNION STATION,2022-08-28,1370,1407
48,OTTAWA,TORONTO UNION STATION,2022-08-28,1388,1427
622,SAINT-LAMBERT,MONTRÉAL,2022-08-28,557,557
622,SAINT-HYACINTHE,MONTRÉAL,2022-08-28,582,585
622,DRUMMONDVILLE,MONTRÉAL,2022-08-28,610,615
622,SAINTE-FOY,MONTRÉAL,2022-08-28,714,697
622,QUÉBEC GARE DU PALAIS,MONTRÉAL,2022-08-28,742,729
63,DORVAL,MONTRÉAL,2022-08-28,552,564
63,CORNWALL,MONTRÉAL,2022-08-28,603,622
63,BROCKVILLE,MONTRÉAL,2022-08-28,649,670
63,KINGSTON,MONTRÉAL,2022-08-28,694,716
63,BELLEVILLE,MONTRÉAL,2022-08-28,740,763
63,COBOURG,MONTRÉAL,2022-08-28,781,800
63,OSHAWA,MONTRÉAL,2022-08-28,818,835
63,TORONTO UNION STATION,MONTRÉAL,2022-08-28,858,882
65,DORVAL,MONTRÉAL,2022-08-28,682,682
65,CORNWALL,MONTRÉAL,2022-08-28,734,740
65,KINGSTON,MONTRÉAL,2022-08-28,821,837
65,BELLEVILLE,MONTRÉAL,2022-08-28,865,880
65,COBOURG,MONTRÉAL,2022-08-28,902,917
65,OSHAWA,MONTRÉAL,2022-08-28,937,955
65,GUILDWOOD,MONTRÉAL,2022-08-28,958,976
65,TORONTO UNION STATION,MONTRÉAL,2022-08-28,978,1006
38,CASSELMAN,OTTAWA,2022-08-28,1161,1161
38,ALEXANDRIA,OTTAWA,2022-08-28,1184,1182
38,DORVAL,OTTAWA,2022-08-28,1235,1232
38,MONTRÉAL,OTTAWA,2022-08-28,1257,1257
66,GUILDWOOD,TORONTO UNION STATION,2022-08-28,936,941
66,OSHAWA,TORONTO UNION STATION,2022-08-28,953,959
66,BELLEVILLE,TORONTO UNION STATION,2022-08-28,1019,1028
66,KINGSTON,TORONTO UNION STATION,2022-08-28,1057,1071
66,CORNWALL,TORONTO UNION STATION,2022-08-28,1146,1163
66,DORVAL,TORONTO UNION STATION,2022-08-28,1194,1216
66,MONTRÉAL,TORONTO UNION STATION,2022-08-28,1218,1241
50,GUILDWOOD,TORONTO UNION STATION,2022-08-28,424,451
50,OSHAWA,TORONTO UNION STATION,2022-08-28,442,470
50,COBOURG,TORONTO UNION STATION,2022-08-28,478,505
50,BELLEVILLE,TORONTO UNION STATION,2022-08-28,513,539
50,KINGSTON,TORONTO UNION STATION,2022-08-28,554,582
50,BROCKVILLE,TORONTO UNION STATION,2022-08-28,613,628
50,SMITHS FALLS,TORONTO UNION STATION,2022-08-28,644,663
50,FALLOWFIELD RAIL STATION,TORONTO UNION STATION,2022-08-28,676,702
50,OTTAWA,TORONTO UNION STATION,2022-08-28,696,729
64,GUILDWOOD,TORONTO UNION STATION,2022-08-28,711,709
64,OSHAWA,TORONTO UNION STATION,2022-08-28,728,750
64,COBOURG,TORONTO UNION STATION,2022-08-28,765,803
64,BELLEVILLE,TORONTO UNION STATION,2022-08-28,805,840
64,KINGSTON,TORONTO UNION STATION,2022-08-28,846,888
64,BROCKVILLE,TORONTO UNION STATION,2022-08-28,897,938
64,CORNWALL,TORONTO UNION STATION,2022-08-28,947,988
64,DORVAL,TORONTO UNION STATION,2022-08-28,998,1047
64,MONTRÉAL,TORONTO UNION STATION,2022-08-28,1021,1076
44,OSHAWA,TORONTO UNION STATION,2022-08-28,893,897
44,KINGSTON,TORONTO UNION STATION,2022-08-28,994,1004
44,BROCKVILLE,TORONTO UNION STATION,2022-08-28,1040,1058
44,SMITHS FALLS,TORONTO UNION STATION,2022-08-28,1070,1093
44,FALLOWFIELD RAIL STATION,TORONTO UNION STATION,2022-08-28,1102,1126
44,OTTAWA,TORONTO UNION STATION,2022-08-28,1123,1155
46,GUILDWOOD,TORONTO UNION STATION,2022-08-28,950,950
46,OSHAWA,TORONTO UNION STATION,2022-08-28,967,976
46,COBOURG,TORONTO UNION STATION,2022-08-28,1001,1010
46,KINGSTON,TORONTO UNION STATION,2022-08-28,1072,1084
46,BROCKVILLE,TORONTO UNION STATION,2022-08-28,1118,1130
46,FALLOWFIELD RAIL STATION,TORONTO UNION STATION,2022-08-28,1190,1187
46,OTTAWA,TORONTO UNION STATION,2022-08-28,1214,1208
87,MALTON,TORONTO UNION STATION,2022-08-29,1080,1103
87,BRAMPTON,TORONTO UNION STATION,2022-08-29,1092,1117
87,GEORGETOWN,TORONTO UNION STATION,2022-08-29,1104,1132
87,GUELPH,TORONTO UNION STATION,2022-08-29,1129,1170
87,KITCHENER,TORONTO UNION STATION,2022-08-29,1156,1193
87,STRATFORD,TORONTO UNION STATION,2022-08-29,1193,1261
87,ST.MARYS,TORONTO UNION STATION,2022-08-29,1221,1290
87,LONDON,TORONTO UNION STATION,2022-08-29,1269,1341
87,STRATHROY,TORONTO UNION STATION,2022-08-29,1295,1369
87,WYOMING,TORONTO UNION STATION,2022-08-29,1323,1404
87,SARNIA,TORONTO UNION STATION,2022-08-29,1340,1422
72,CHATHAM,WINDSOR,2022-08-29,565,564
72,GLENCOE,WINDSOR,2022-08-29,604,613
72,LONDON,WINDSOR,2022-08-29,638,644
72,INGERSOLL,WINDSOR,2022-08-29,664,671
72,WOODSTOCK,WINDSOR,2022-08-29,680,683
72,BRANTFORD,WINDSOR,2022-08-29,712,712
72,ALDERSHOT,WINDSOR,2022-08-29,745,741
72,OAKVILLE,WINDSOR,2022-08-29,759,762
72,TORONTO UNION STATION,WINDSOR,2022-08-29,785,792
76,CHATHAM,WINDSOR,2022-08-29,868,872
76,GLENCOE,WINDSOR,2022-08-29,903,926
76,LONDON,WINDSOR,2022-08-29,938,957
76,BRANTFORD,WINDSOR,2022-08-29,999,1018
76,ALDERSHOT,WINDSOR,2022-08-29,1030,1053
76,OAKVILLE,WINDSOR,2022-08-29,1047,1079
76,TORONTO UNION STATION,WINDSOR,2022-08-29,1073,1109
78,CHATHAM,WINDSOR,2022-08-29,1105,1138
78,GLENCOE,WINDSOR,2022-08-29,1139,1188
78,LONDON,WINDSOR,2022-08-29,1172,1226
78,INGERSOLL,WINDSOR,2022-08-29,1197,1251
78,WOODSTOCK,WINDSOR,2022-08-29,1208,1263
78,BRANTFORD,WINDSOR,2022-08-29,1239,1294
78,ALDERSHOT,WINDSOR,2022-08-29,1269,1323
78,OAKVILLE,WINDSOR,2022-08-29,1284,1349
78,TORONTO UNION STATION,WINDSOR,2022-08-29,1310,1376
75,OAKVILLE,TORONTO UNION STATION,2022-08-29,1073,1097
75,ALDERSHOT,TORONTO UNION STATION,2022-08-29,1089,1126
75,BRANTFORD,TORONTO UNION STATION,2022-08-29,1121,1160
75,WOODSTOCK,TORONTO UNION STATION,2022-08-29,1152,1192
75,INGERSOLL,TORONTO UNION STATION,2022-08-29,1167,1205
75,LONDON,TORONTO UNION STATION,2022-08-29,1195,1240
75,GLENCOE,TORONTO UNION STATION,2022-08-29,1229,1278
75,CHATHAM,TORONTO UNION STATION,2022-08-29,1263,1321
75,WINDSOR,TORONTO UNION STATION,2022-08-29,1318,1367
70,CHATHAM,WINDSOR,2022-08-29,384,397
70,LONDON,WINDSOR,2022-08-29,450,478
70,INGERSOLL,WINDSOR,2022-08-29,480,512
70,WOODSTOCK,WINDSOR,2022-08-29,493,524
70,BRANTFORD,WINDSOR,2022-08-29,529,553
70,ALDERSHOT,WINDSOR,2022-08-29,568,590
70,OAKVILLE,WINDSOR,2022-08-29,583,606
70,TORONTO UNION STATION,WINDSOR,2022-08-29,610,638
26,ALEXANDRIA,OTTAWA,2022-08-29,906,903
26,DORVAL,OTTAWA,2022-08-29,953,949
26,MONTRÉAL,OTTAWA,2022-08-29,975,974
26,SAINT-LAMBERT,OTTAWA,2022-08-29,1021,1022
26,SAINT-HYACINTHE,OTTAWA,2022-08-29,1048,1054
26,DRUMMONDVILLE,OTTAWA,2022-08-29,1093,1105
26,CHARNY,OTTAWA,2022-08-29,1192,1191
26,SAINTE-FOY,OTTAWA,2022-08-29,1201,1198
26,QUÉBEC GARE DU PALAIS,OTTAWA,2022-08-29,1226,1227
24,ALEXANDRIA,OTTAWA,2022-08-29,665,671
24,COTEAU,OTTAWA,2022-08-29,692,698
24,DORVAL,OTTAWA,2022-08-29,713,727
24,MONTRÉAL,OTTAWA,2022-08-29,735,752
24,SAINT-LAMBERT,OTTAWA,2022-08-29,786,807
24,SAINT-HYACINTHE,OTTAWA,2022-08-29,814,838
24,DRUMMONDVILLE,OTTAWA,2022-08-29,841,884
24,CHARNY,OTTAWA,2022-08-29,945,963
24,SAINTE-FOY,OTTAWA,2022-08-29,952,973
24,QUÉBEC GARE DU PALAIS,OTTAWA,2022-08-29,978,1006
645,FALLOWFIELD RAIL STATION,OTTAWA,2022-08-29,894,887
645,KINGSTON,OTTAWA,2022-08-29,994,997
645,BELLEVILLE,OTTAWA,2022-08-29,1036,1052
645,OSHAWA,OTTAWA,2022-08-29,1103,1134
645,TORONTO UNION STATION,OTTAWA,2022-08-29,1143,1175
60,GUILDWOOD,TORONTO UNION STATION,2022-08-29,424,428
60,OSHAWA,TORONTO UNION STATION,2022-08-29,442,448
60,COBOURG,TORONTO UNION STATION,2022-08-29,478,482
60,BELLEVILLE,TORONTO UNION STATION,2022-08-29,513,518
60,KINGSTON,TORONTO UNION STATION,2022-08-29,554,560
60,CORNWALL,TORONTO UNION STATION,2022-08-29,653,668
60,DORVAL,TORONTO UNION STATION,2022-08-29,701,719
60,MONTRÉAL,TORONTO UNION STATION,2022-08-29,724,745
59,FALLOWFIELD RAIL STATION,OTTAWA,2022-08-29,1086,1095
59,SMITHS FALLS,OTTAWA,2022-08-29,1128,1137
59,BROCKVILLE,OTTAWA,2022-08-29,1156,1196
59,KINGSTON,OTTAWA,2022-08-29,1199,1244
59,BELLEVILLE,OTTAWA,2022-08-29,1241,1295
59,TRENTON JUNCTION,OTTAWA,2022-08-29,1251,1308
59,COBOURG,OTTAWA,2022-08-29,1279,1336
59,OSHAWA,OTTAWA,2022-08-29,1312,1378
59,GUILDWOOD,OTTAWA,2022-08-29,1333,1399
59,TORONTO UNION STATION,OTTAWA,2022-08-29,1353,1428
39,SAINTE-FOY,QUÉBEC GARE DU PALAIS,2022-08-29,924,929
39,DRUMMONDVILLE,QUÉBEC GARE DU PALAIS,2022-08-29,1012,1030
39,SAINT-LAMBERT,QUÉBEC GARE DU PALAIS,2022-08-29,1079,1094
39,MONTRÉAL,QUÉBEC GARE DU PALAIS,2022-08-29,1091,1108
39,DORVAL,QUÉBEC GARE DU PALAIS,2022-08-29,1162,1158
39,COTEAU,QUÉBEC GARE DU PALAIS,2022-08-29,1189,1188
39,ALEXANDRIA,QUÉBEC GARE DU PALAIS,2022-08-29,1217,1211
39,OTTAWA,QUÉBEC GARE DU PALAIS,2022-08-29,1262,1257
33,SAINTE-FOY,QUÉBEC GARE DU PALAIS,2022-08-29,349,353
33,CHARNY,QUÉBEC GARE DU PALAIS,2022-08-29,358,361
33,DRUMMONDVILLE,QUÉBEC GARE DU PALAIS,2022-08-29,446,466
33,SAINT-HYACINTHE,QUÉBEC GARE DU PALAIS,2022-08-29,479,499
33,SAINT-LAMBERT,QUÉBEC GARE DU PALAIS,2022-08-29,505,526
33,MONTRÉAL,QUÉBEC GARE DU PALAIS,2022-08-29,517,542
33,DORVAL,QUÉBEC GARE DU PALAIS,2022-08-29,572,596
33,ALEXANDRIA,QUÉBEC GARE DU PALAIS,2022-08-29,620,645
33,CASSELMAN,QUÉBEC GARE DU PALAIS,2022-08-29,643,668
33,OTTAWA,QUÉBEC GARE DU PALAIS,2022-08-29,674,694
35,SAINTE-FOY,QUÉBEC GARE DU PALAIS,2022-08-29,514,518
35,CHARNY,QUÉBEC GARE DU PALAIS,2022-08-29,522,528
35,DRUMMONDVILLE,QUÉBEC GARE DU PALAIS,2022-08-29,612,620
35,SAINT-HYACINTHE,QUÉBEC GARE DU PALAIS,2022-08-29,646,661
35,SAINT-LAMBERT,QUÉBEC GARE DU PALAIS,2022-08-29,673,689
35,MONTRÉAL,QUÉBEC GARE DU PALAIS,2022-08-29,686,702
35,DORVAL,QUÉBEC GARE DU PALAIS,2022-08-29,746,756
35,COTEAU,QUÉBEC GARE DU PALAIS,2022-08-29,773,788
35,ALEXANDRIA,QUÉBEC GARE DU PALAIS,2022-08-29,796,810
35,CASSELMAN,QUÉBEC GARE DU PALAIS,2022-08-29,819,832
35,OTTAWA,QUÉBEC GARE DU PALAIS,2022-08-29,846,857
37,SAINTE-FOY,QUÉBEC GARE DU PALAIS,2022-08-29,780,786
37,DRUMMONDVILLE,QUÉBEC GARE DU PALAIS,2022-08-29,883,876
37,SAINT-HYACINTHE,QUÉBEC GARE DU PALAIS,2022-08-29,914,914
37,SAINT-LAMBERT,QUÉBEC GARE DU PALAIS,2022-08-29,942,946
37,MONTRÉAL,QUÉBEC GARE DU PALAIS,2022-08-29,954,961
37,DORVAL,QUÉBEC GARE DU PALAIS,2022-08-29,1022,1040
37,COTEAU,QUÉBEC GARE DU PALAIS,2022-08-29,1048,1071
37,ALEXANDRIA,QUÉBEC GARE DU PALAIS,2022-08-29,1070,1092
37,OTTAWA,QUÉBEC GARE DU PALAIS,2022-08-29,1115,1137
79,OAKVILLE,TORONTO UNION STATION,2022-08-29,1207,1233
79,ALDERSHOT,TORONTO UNION STATION,2022-08-29,1222,1251
79,BRANTFORD,TORONTO UNION STATION,2022-08-29,1250,1281
79,WOODSTOCK,TORONTO UNION STATION,2022-08-29,1277,1319
79,INGERSOLL,TORONTO UNION STATION,2022-08-29,1290,1330
79,LONDON,TORONTO UNION STATION,2022-08-29,1312,1352
79,GLENCOE,TORONTO UNION STATION,2022-08-29,1345,1390
79,CHATHAM,TORONTO UNION STATION,2022-08-29,1377,1433
79,WINDSOR,TORONTO UNION STATION,2022-08-29,1424,38
52,GUILDWOOD,TORONTO UNION STATION,2022-08-29,530,543
52,OSHAWA,TORONTO UNION STATION,2022-08-29,548,568
52,COBOURG,TORONTO UNION STATION,2022-08-29,581,603
52,BELLEVILLE,TORONTO UNION STATION,2022-08-29,618,638
52,KINGSTON,TORONTO UNION STATION,2022-08-29,657,681
52,BROCKVILLE,TORONTO UNION STATION,2022-08-29,714,741
52,SMITHS FALLS,TORONTO UNION STATION,2022-08-29,744,804
52,FALLOWFIELD RAIL STATION,TORONTO UNION STATION,2022-08-29,784,832
52,OTTAWA,TORONTO UNION STATION,2022-08-29,805,851
40,GUILDWOOD,TORONTO UNION STATION,2022-08-29,651,652
40,BELLEVILLE,TORONTO UNION STATION,2022-08-29,727,746
40,KINGSTON,TORONTO UNION STATION,2022-08-29,766,789
40,FALLOWFIELD RAIL STATION,TORONTO UNION STATION,2022-08-29,870,919
40,OTTAWA,TORONTO UNION STATION,2022-08-29,894,942
42,GUILDWOOD,TORONTO UNION STATION,2022-08-29,756,759
42,OSHAWA,TORONTO UNION STATION,2022-08-29,773,779
42,PORT HOPE,TORONTO UNION STATION,2022-08-29,799,812
42,COBOURG,TORONTO UNION STATION,2022-08-29,807,821
42,TRENTON JUNCTION,TORONTO UNION STATION,2022-08-29,832,849
42,BELLEVILLE,TORONTO UNION STATION,2022-08-29,845,862
42,NAPANEE,TORONTO UNION STATION,2022-08-29,865,888
42,KINGSTON,TORONTO UNION STATION,2022-08-29,885,949
42,GANANOQUE,TORONTO UNION STATION,2022-08-29,908,972
42,BROCKVILLE,TORONTO UNION STATION,2022-08-29,932,999
42,SMITHS FALLS,TORONTO UNION STATION,2022-08-29,967,1047
42,FALLOWFIELD RAIL STATION,TORONTO UNION STATION,2022-08-29,998,1075
42,OTTAWA,TORONTO UNION STATION,2022-08-29,1017,1096
62,GUILDWOOD,TORONTO UNION STATION,2022-08-29,531,543
62,OSHAWA,TORONTO UNION STATION,2022-08-29,548,567
62,COBOURG,TORONTO UNION STATION,2022-08-29,581,603
62,BELLEVILLE,TORONTO UNION STATION,2022-08-29,619,639
62,KINGSTON,TORONTO UNION STATION,2022-08-29,657,681
62,CORNWALL,TORONTO UNION STATION,2022-08-29,752,789
62,DORVAL,TORONTO UNION STATION,2022-08-29,801,846
62,MONTRÉAL,TORONTO UNION STATION,2022-08-29,823,875
68,GUILDWOOD,TORONTO UNION STATION,2022-08-29,1041,1042
68,OSHAWA,TORONTO UNION STATION,2022-08-29,1058,1060
68,COBOURG,TORONTO UNION STATION,2022-08-29,1090,1103
68,BELLEVILLE,TORONTO UNION STATION,2022-08-29,1127,1138
68,KINGSTON,TORONTO UNION STATION,2022-08-29,1165,1178
68,BROCKVILLE,TORONTO UNION STATION,2022-08-29,1212,1230
68,CORNWALL,TORONTO UNION STATION,2022-08-29,1262,1286
68,DORVAL,TORONTO UNION STATION,2022-08-29,1311,1336
68,MONTRÉAL,TORONTO UNION STATION,2022-08-29,1333,1362
668,GUILDWOOD,TORONTO UNION STATION,2022-08-29,1099,1121
668,OSHAWA,TORONTO UNION STATION,2022-08-29,1117,1144
668,KINGSTON,TORONTO UNION STATION,2022-08-29,1216,1264
668,CORNWALL,TORONTO UNION STATION,2022-08-29,1305,1376
668,DORVAL,TORONTO UNION STATION,2022-08-29,1353,1428
668,MONTRÉAL,TORONTO UNION STATION,2022-08-29,1375,12
61,DORVAL,MONTRÉAL,2022-08-29,433,433
61,CORNWALL,MONTRÉAL,2022-08-29,487,490
61,KINGSTON,MONTRÉAL,2022-08-29,575,575
61,BELLEVILLE,MONTRÉAL,2022-08-29,615,622
61,OSHAWA,MONTRÉAL,2022-08-29,683,705
61,TORONTO UNION STATION,MONTRÉAL,2022-08-29,723,767
67,DORVAL,MONTRÉAL,2022-08-29,824,836
67,CORNWALL,MONTRÉAL,2022-08-29,874,889
67,KINGSTON,MONTRÉAL,2022-08-29,958,981
67,BELLEVILLE,MONTRÉAL,2022-08-29,1000,1028
67,COBOURG,MONTRÉAL,2022-08-29,1039,1084
67,OSHAWA,MONTRÉAL,2022-08-29,1074,1122
67,TORONTO UNION STATION,MONTRÉAL,2022-08-29,1113,1162
69,DORVAL,MONTRÉAL,2022-08-29,1037,1049
69,CORNWALL,MONTRÉAL,2022-08-29,1090,1104
69,BROCKVILLE,MONTRÉAL,2022-08-29,1133,1156
69,KINGSTON,MONTRÉAL,2022-08-29,1174,1201
69,OSHAWA,MONTRÉAL,2022-08-29,1279,1310
69,TORONTO UNION STATION,MONTRÉAL,2022-08-29,1323,1368
669,DORVAL,MONTRÉAL,2022-08-29,1123,1126
669,CORNWALL,MONTRÉAL,2022-08-29,1178,1183
669,KINGSTON,MONTRÉAL,2022-08-29,1264,1285
669,OSHAWA,MONTRÉAL,2022-08-29,1374,1397
669,TORONTO UNION STATION,MONTRÉAL,2022-08-29,1413,4
41,FALLOWFIELD RAIL STATION,OTTAWA,2022-08-29,349,347
41,SMITHS FALLS,OTTAWA,2022-08-29,381,382
41,BROCKVILLE,OTTAWA,2022-08-29,409,418
41,KINGSTON,OTTAWA,2022-08-29,451,468
41,BELLEVILLE,OTTAWA,2022-08-29,493,511
41,COBOURG,OTTAWA,2022-08-29,528,547
41,OSHAWA,OTTAWA,2022-08-29,565,586
41,TORONTO UNION STATION,OTTAWA,2022-08-29,603,622
28,CASSELMAN,OTTAWA,2022-08-29,996,994
28,ALEXANDRIA,OTTAWA,2022-08-29,1018,1018
28,COTEAU,OTTAWA,2022-08-29,1038,1043
28,DORVAL,OTTAWA,2022-08-29,1062,1076
28,MONTRÉAL,OTTAWA,2022-08-29,1084,1101
28,SAINT-LAMBERT,OTTAWA,2022-08-29,1126,1138
28,SAINT-HYACINTHE,OTTAWA,2022-08-29,1154,1166
28,DRUMMONDVILLE,OTTAWA,2022-08-29,1183,1213
28,CHARNY,OTTAWA,2022-08-29,1283,1291
28,SAINTE-FOY,OTTAWA,2022-08-29,1290,1299
28,QUÉBEC GARE DU PALAIS,OTTAWA,2022-08-29,1316,1329
15,SPRINGHILL JCT,TRURO,2022-08-29,942,952
15,AMHERST,TRURO,2022-08-29,965,972
15,SACKVILLE,TRURO,2022-08-29,982,987
15,MONCTON,TRURO,2022-08-29,1037,1031
15,ROGERSVILLE,TRURO,2022-08-29,1121,1137
15,MIRAMICHI,TRURO,2022-08-29,1172,1185
15,BATHURST,TRURO,2022-08-29,1278,1285
15,PETIT ROCHER,TRURO,2022-08-29,1307,1313
15,JACQUET RIVER,TRURO,2022-08-29,1330,1336
15,CHARLO,TRURO,2022-08-29,1354,1373
15,CAMPBELLTON,TRURO,2022-08-29,1388,1421
15,MATAPEDIA,TRURO,2022-08-29,1370,1401
15,CAUSAPSCAL,TRURO,2022-08-29,1419,20
15,AMQUI,TRURO,2022-08-29,1439,41
15,SAYABEC,TRURO,2022-08-29,21,71
15,MONT-JOLI,TRURO,2022-08-29,81,141
15,RIMOUSKI,TRURO,2022-08-29,114,177
15,TROIS PISTOLES,TRURO,2022-08-29,181,276
15,RIVIÈRE-DU-LOUP,TRURO,2022-08-29,218,339
15,LA POCATIERE,TRURO,2022-08-29,275,385
15,SAINTE-FOY,TRURO,2022-08-29,373,466
15,DRUMMONDVILLE,TRURO,2022-08-29,510,596
15,SAINT-HYACINTHE,TRURO,2022-08-29,550,643
15,SAINT-LAMBERT,TRURO,2022-08-29,584,677
15,MONTRÉAL,TRURO,2022-08-29,603,693
64,GUILDWOOD,TORONTO UNION STATION,2022-08-29,711,716
64,OSHAWA,TORONTO UNION STATION,2022-08-29,728,736
64,COBOURG,TORONTO UNION STATION,2022-08-29,765,772
64,BELLEVILLE,TORONTO UNION STATION,2022-08-29,805,808
64,KINGSTON,TORONTO UNION STATION,2022-08-29,846,855
64,BROCKVILLE,TORONTO UNION STATION,2022-08-29,897,913
64,CORNWALL,TORONTO UNION STATION,2022-08-29,947,966
64,DORVAL,TORONTO UNION STATION,2022-08-29,998,1025
64,MONTRÉAL,TORONTO UNION STATION,2022-08-29,1021,1054
63,DORVAL,MONTRÉAL,2022-08-29,552,554
63,CORNWALL,MONTRÉAL,2022-08-29,603,607
63,BROCKVILLE,MONTRÉAL,2022-08-29,649,658
63,KINGSTON,MONTRÉAL,2022-08-29,694,704
63,BELLEVILLE,MONTRÉAL,2022-08-29,740,747
63,COBOURG,MONTRÉAL,2022-08-29,781,785
63,OSHAWA,MONTRÉAL,2022-08-29,818,823
63,TORONTO UNION STATION,MONTRÉAL,2022-08-29,858,862
84,WYOMING,SARNIA,2022-08-29,535,540
84,STRATHROY,SARNIA,2022-08-29,567,570
84,LONDON,SARNIA,2022-08-29,592,596
84,ST.MARYS,SARNIA,2022-08-29,645,654
84,STRATFORD,SARNIA,2022-08-29,674,684
84,KITCHENER,SARNIA,2022-08-29,722,742
84,GUELPH,SARNIA,2022-08-29,744,767
84,GEORGETOWN,SARNIA,2022-08-29,767,797
84,BRAMPTON,SARNIA,2022-08-29,779,809
84,MALTON,SARNIA,2022-08-29,791,823
84,TORONTO UNION STATION,SARNIA,2022-08-29,818,844
20,SAINT-LAMBERT,MONTRÉAL,2022-08-29,396,396
20,SAINT-HYACINTHE,MONTRÉAL,2022-08-29,423,423
20,DRUMMONDVILLE,MONTRÉAL,2022-08-29,456,461
20,SAINTE-FOY,MONTRÉAL,2022-08-29,557,562
20,QUÉBEC GARE DU PALAIS,MONTRÉAL,2022-08-29,583,592
29,SAINTE-FOY,QUÉBEC GARE DU PALAIS,2022-08-29,1089,1094
29,DRUMMONDVILLE,QUÉBEC GARE DU PALAIS,2022-08-29,1181,1189
29,SAINT-HYACINTHE,QUÉBEC GARE DU PALAIS,2022-08-29,1219,1219
29,SAINT-LAMBERT,QUÉBEC GARE DU PALAIS,2022-08-29,1247,1249
29,MONTRÉAL,QUÉBEC GARE DU PALAIS,2022-08-29,1260,1264
55,FALLOWFIELD RAIL STATION,OTTAWA,2022-08-29,949,957
55,BROCKVILLE,OTTAWA,2022-08-29,1014,1020
55,KINGSTON,OTTAWA,2022-08-29,1057,1066
55,NAPANEE,OTTAWA,2022-08-29,1083,1090
55,BELLEVILLE,OTTAWA,2022-08-29,1101,1113
55,TRENTON JUNCTION,OTTAWA,2022-08-29,1112,1126
55,COBOURG,OTTAWA,2022-08-29,1135,1150
55,PORT HOPE,OTTAWA,2022-08-29,1144,1176
55,OSHAWA,OTTAWA,2022-08-29,1173,1212
55,TORONTO UNION STATION,OTTAWA,2022-08-29,1218,1247
45,FALLOWFIELD RAIL STATION,OTTAWA,2022-08-29,644,643
45,KINGSTON,OTTAWA,2022-08-29,744,799
45,TORONTO UNION STATION,OTTAWA,2022-08-29,888,944
54,GUILDWOOD,TORONTO UNION STATION,2022-08-29,1070,1090
54,OSHAWA,TORONTO UNION STATION,2022-08-29,1087,1110
54,PORT HOPE,TORONTO UNION STATION,2022-08-29,1113,1159
54,COBOURG,TORONTO UNION STATION,2022-08-29,1121,1167
54,TRENTON JUNCTION,TORONTO UNION STATION,2022-08-29,1147,1193
54,BELLEVILLE,TORONTO UNION STATION,2022-08-29,1163,1209
54,NAPANEE,TORONTO UNION STATION,2022-08-29,1182,1231
54,KINGSTON,TORONTO UNION STATION,2022-08-29,1203,1251
54,BROCKVILLE,TORONTO UNION STATION,2022-08-29,1250,1306
54,SMITHS FALLS,TORONTO UNION STATION,2022-08-29,1285,1343
54,FALLOWFIELD RAIL STATION,TORONTO UNION STATION,2022-08-29,1310,1367
54,OTTAWA,TORONTO UNION STATION,2022-08-29,1331,1388
53,FALLOWFIELD RAIL STATION,OTTAWA,2022-08-29,722,726
53,SMITHS FALLS,OTTAWA,2022-08-29,754,756
53,BROCKVILLE,OTTAWA,2022-08-29,789,805
53,GANANOQUE,OTTAWA,2022-08-29,816,837
53,KINGSTON,OTTAWA,2022-08-29,837,867
53,BELLEVILLE,OTTAWA,2022-08-29,880,911
53,COBOURG,OTTAWA,2022-08-29,920,948
53,OSHAWA,OTTAWA,2022-08-29,953,984
53,TORONTO UNION STATION,OTTAWA,2022-08-29,993,1040
26,ALEXANDRIA,OTTAWA,2022-08-29,906,903
26,DORVAL,OTTAWA,2022-08-29,953,949
26,MONTRÉAL,OTTAWA,2022-08-29,975,974
26,SAINT-LAMBERT,OTTAWA,2022-08-29,1021,1022
26,SAINT-HYACINTHE,OTTAWA,2022-08-29,1048,1054
26,DRUMMONDVILLE,OTTAWA,2022-08-29,1093,1105
26,CHARNY,OTTAWA,2022-08-29,1192,1191
26,SAINTE-FOY,OTTAWA,2022-08-29,1201,1198
26,QUÉBEC GARE DU PALAIS,OTTAWA,2022-08-29,1226,1227
73,OAKVILLE,TORONTO UNION STATION,2022-08-29,756,760
73,ALDERSHOT,TORONTO UNION STATION,2022-08-29,774,777
73,BRANTFORD,TORONTO UNION STATION,2022-08-29,805,808
73,WOODSTOCK,TORONTO UNION STATION,2022-08-29,834,840
73,LONDON,TORONTO UNION STATION,2022-08-29,863,871
73,CHATHAM,TORONTO UNION STATION,2022-08-29,935,962
73,WINDSOR,TORONTO UNION STATION,2022-08-29,990,1013
71,OAKVILLE,TORONTO UNION STATION,2022-08-29,433,438
71,ALDERSHOT,TORONTO UNION STATION,2022-08-29,449,455
71,BRANTFORD,TORONTO UNION STATION,2022-08-29,475,497
71,WOODSTOCK,TORONTO UNION STATION,2022-08-29,510,533
71,INGERSOLL,TORONTO UNION STATION,2022-08-29,523,549
71,LONDON,TORONTO UNION STATION,2022-08-29,546,571
71,GLENCOE,TORONTO UNION STATION,2022-08-29,579,607
71,CHATHAM,TORONTO UNION STATION,2022-08-29,618,652
71,WINDSOR,TORONTO UNION STATION,2022-08-29,668,699
47,FALLOWFIELD RAIL STATION,OTTAWA,2022-08-29,768,766
47,BROCKVILLE,OTTAWA,2022-08-29,836,837
47,GANANOQUE,OTTAWA,2022-08-29,863,868
47,KINGSTON,OTTAWA,2022-08-29,884,893
47,BELLEVILLE,OTTAWA,2022-08-29,928,966
47,OSHAWA,OTTAWA,2022-08-29,998,1034
47,TORONTO UNION STATION,OTTAWA,2022-08-29,1038,1084
51,DORVAL,MONTRÉAL,2022-08-29,401,400
51,ALEXANDRIA,MONTRÉAL,2022-08-29,446,458
51,CASSELMAN,MONTRÉAL,2022-08-29,474,480
51,OTTAWA,MONTRÉAL,2022-08-29,500,506
51,FALLOWFIELD RAIL STATION,MONTRÉAL,2022-08-29,532,533
51,SMITHS FALLS,MONTRÉAL,2022-08-29,561,561
51,BROCKVILLE,MONTRÉAL,2022-08-29,590,595
51,KINGSTON,MONTRÉAL,2022-08-29,632,637
51,BELLEVILLE,MONTRÉAL,2022-08-29,674,678
51,COBOURG,MONTRÉAL,2022-08-29,708,717
51,PORT HOPE,MONTRÉAL,2022-08-29,717,730
51,OSHAWA,MONTRÉAL,2022-08-29,746,761
51,TORONTO UNION STATION,MONTRÉAL,2022-08-29,783,800
22,CASSELMAN,OTTAWA,2022-08-29,415,415
22,ALEXANDRIA,OTTAWA,2022-08-29,436,438
22,COTEAU,OTTAWA,2022-08-29,464,468
22,DORVAL,OTTAWA,2022-08-29,489,494
22,MONTRÉAL,OTTAWA,2022-08-29,511,520
22,SAINT-LAMBERT,OTTAWA,2022-08-29,557,563
22,SAINT-HYACINTHE,OTTAWA,2022-08-29,582,594
22,DRUMMONDVILLE,OTTAWA,2022-08-29,610,639
22,SAINTE-FOY,OTTAWA,2022-08-29,715,728
22,QUÉBEC GARE DU PALAIS,OTTAWA,2022-08-29,742,757
48,GUILDWOOD,TORONTO UNION STATION,2022-08-29,1128,1164
48,OSHAWA,TORONTO UNION STATION,2022-08-29,1145,1186
48,PORT HOPE,TORONTO UNION STATION,2022-08-29,1173,1214
48,COBOURG,TORONTO UNION STATION,2022-08-29,1182,1223
48,TRENTON JUNCTION,TORONTO UNION STATION,2022-08-29,1209,1250
48,BELLEVILLE,TORONTO UNION STATION,2022-08-29,1225,1279
48,NAPANEE,TORONTO UNION STATION,2022-08-29,1245,1301
48,KINGSTON,TORONTO UNION STATION,2022-08-29,1265,1320
48,GANANOQUE,TORONTO UNION STATION,2022-08-29,1289,1345
48,BROCKVILLE,TORONTO UNION STATION,2022-08-29,1313,1371
48,SMITHS FALLS,TORONTO UNION STATION,2022-08-29,1343,1408
48,FALLOWFIELD RAIL STATION,TORONTO UNION STATION,2022-08-29,1370,1434
48,OTTAWA,TORONTO UNION STATION,2022-08-29,1388,14
63,DORVAL,MONTRÉAL,2022-08-29,552,554
63,CORNWALL,MONTRÉAL,2022-08-29,603,607
63,BROCKVILLE,MONTRÉAL,2022-08-29,649,658
63,KINGSTON,MONTRÉAL,2022-08-29,694,704
63,BELLEVILLE,MONTRÉAL,2022-08-29,740,747
63,COBOURG,MONTRÉAL,2022-08-29,781,785
63,OSHAWA,MONTRÉAL,2022-08-29,818,823
63,TORONTO UNION STATION,MONTRÉAL,2022-08-29,858,862
65,DORVAL,MONTRÉAL,2022-08-29,682,682
65,CORNWALL,MONTRÉAL,2022-08-29,734,743
65,KINGSTON,MONTRÉAL,2022-08-29,821,839
65,BELLEVILLE,MONTRÉAL,2022-08-29,865,884
65,COBOURG,MONTRÉAL,2022-08-29,902,921
65,OSHAWA,MONTRÉAL,2022-08-29,937,959
65,GUILDWOOD,MONTRÉAL,2022-08-29,958,993
65,TORONTO UNION STATION,MONTRÉAL,2022-08-29,978,1018
38,CASSELMAN,OTTAWA,2022-08-29,1161,1160
38,ALEXANDRIA,OTTAWA,2022-08-29,1184,1179
38,DORVAL,OTTAWA,2022-08-29,1235,1234
38,MONTRÉAL,OTTAWA,2022-08-29,1257,1261
66,GUILDWOOD,TORONTO UNION STATION,2022-08-29,936,938
66,OSHAWA,TORONTO UNION STATION,2022-08-29,953,958
66,BELLEVILLE,TORONTO UNION STATION,2022-08-29,1019,1036
66,KINGSTON,TORONTO UNION STATION,2022-08-29,1057,1077
66,CORNWALL,TORONTO UNION STATION,2022-08-29,1146,1170
66,DORVAL,TORONTO UNION STATION,2022-08-29,1194,1222
66,MONTRÉAL,TORONTO UNION STATION,2022-08-29,1218,1252
50,GUILDWOOD,TORONTO UNION STATION,2022-08-29,424,428
50,OSHAWA,TORONTO UNION STATION,2022-08-29,442,448
50,COBOURG,TORONTO UNION STATION,2022-08-29,478,482
50,BELLEVILLE,TORONTO UNION STATION,2022-08-29,513,518
50,KINGSTON,TORONTO UNION STATION,2022-08-29,554,561
50,BROCKVILLE,TORONTO UNION STATION,2022-08-29,613,627
50,SMITHS FALLS,TORONTO UNION STATION,2022-08-29,644,662
50,FALLOWFIELD RAIL STATION,TORONTO UNION STATION,2022-08-29,676,690
50,OTTAWA,TORONTO UNION STATION,2022-08-29,696,710
64,GUILDWOOD,TORONTO UNION STATION,2022-08-29,711,716
64,OSHAWA,TORONTO UNION STATION,2022-08-29,728,736
64,COBOURG,TORONTO UNION STATION,2022-08-29,765,772
64,BELLEVILLE,TORONTO UNION STATION,2022-08-29,805,808
64,KINGSTON,TORONTO UNION STATION,2022-08-29,846,855
64,BROCKVILLE,TORONTO UNION STATION,2022-08-29,897,913
64,CORNWALL,TORONTO UNION STATION,2022-08-29,947,966
64,DORVAL,TORONTO UNION STATION,2022-08-29,998,1025
64,MONTRÉAL,TORONTO UNION STATION,2022-08-29,1021,1054
44,OSHAWA,TORONTO UNION STATION,2022-08-29,893,898
44,KINGSTON,TORONTO UNION STATION,2022-08-29,994,1013
44,BROCKVILLE,TORONTO UNION STATION,2022-08-29,1040,1058
44,SMITHS FALLS,TORONTO UNION STATION,2022-08-29,1070,1093
44,FALLOWFIELD RAIL STATION,TORONTO UNION STATION,2022-08-29,1102,1124
44,OTTAWA,TORONTO UNION STATION,2022-08-29,1123,1144
46,GUILDWOOD,TORONTO UNION STATION,2022-08-29,950,951
46,OSHAWA,TORONTO UNION STATION,2022-08-29,967,980
46,COBOURG,TORONTO UNION STATION,2022-08-29,1001,1018
46,KINGSTON,TORONTO UNION STATION,2022-08-29,1072,1094
46,BROCKVILLE,TORONTO UNION STATION,2022-08-29,1118,1139
46,FALLOWFIELD RAIL STATION,TORONTO UNION STATION,2022-08-29,1190,1200
46,OTTAWA,TORONTO UNION STATION,2022-08-29,1214,1223
